Datetime,Turbidity,RoundedTime,Receive,Value,Unit,Data Quality
2025-05-01 14:09:51,28.7,2025-05-01 14:15:00,,,,
2025-05-01 14:24:52,30.12,2025-05-01 14:30:00,,,,
2025-05-01 14:39:52,30.81,2025-05-01 14:45:00,,,,
2025-05-01 14:54:52,30.52,2025-05-01 15:00:00,,,,
2025-05-01 15:09:52,31.19,2025-05-01 15:15:00,,,,
2025-05-01 15:24:52,31.03,2025-05-01 15:30:00,,,,
2025-05-01 15:39:52,31.3,2025-05-01 15:45:00,,,,
2025-05-01 15:54:52,30.35,2025-05-01 16:00:00,,,,
2025-05-01 16:09:52,31.97,2025-05-01 16:15:00,,,,
2025-05-01 16:24:53,31.39,2025-05-01 16:30:00,,,,
2025-05-01 16:39:53,32.15,2025-05-01 16:45:00,,,,
2025-05-01 16:54:53,31.96,2025-05-01 17:00:00,,,,
2025-05-01 17:09:33,33.15,2025-05-01 17:15:00,,,,
2025-05-01 17:09:52,33.15,2025-05-01 17:15:00,,,,
2025-05-01 17:24:52,32.03,2025-05-01 17:30:00,,,,
2025-05-01 17:39:52,32.66,2025-05-01 17:45:00,,,,
2025-05-02 07:09:53,33.08,2025-05-02 07:15:00,,,,
2025-05-02 07:24:53,32.69,2025-05-02 07:30:00,,,,
2025-05-02 07:39:53,32.26,2025-05-02 07:45:00,,,,
2025-05-02 07:54:53,32.1,2025-05-02 08:00:00,,,,
2025-05-02 08:09:53,32.14,2025-05-02 08:15:00,,,,
2025-05-02 08:24:53,31.5,2025-05-02 08:30:00,,,,
2025-05-02 08:39:53,33.68,2025-05-02 08:45:00,,,,
2025-05-02 08:54:53,33.25,2025-05-02 09:00:00,,,,
2025-05-02 09:09:53,40.02,2025-05-02 09:15:00,,,,
2025-05-02 09:24:53,31.62,2025-05-02 09:30:00,,,,
2025-05-02 09:39:54,35.12,2025-05-02 09:45:00,,,,
2025-05-02 09:54:54,33.17,2025-05-02 10:00:00,,,,
2025-05-02 10:09:54,31.44,2025-05-02 10:15:00,,,,
2025-05-02 10:24:53,32.18,2025-05-02 10:30:00,,,,
2025-05-02 10:39:53,33.51,2025-05-02 10:45:00,,,,
2025-05-02 10:54:53,32.6,2025-05-02 11:00:00,,,,
2025-05-02 11:09:53,32.98,2025-05-02 11:15:00,,,,
2025-05-02 11:24:53,30.74,2025-05-02 11:30:00,,,,
2025-05-02 11:39:53,29.38,2025-05-02 11:45:00,,,,
2025-05-02 11:54:54,30.82,2025-05-02 12:00:00,,,,
2025-05-02 12:09:54,30.8,2025-05-02 12:15:00,,,,
2025-05-02 12:24:54,30.01,2025-05-02 12:30:00,,,,
2025-05-02 12:39:54,28.85,2025-05-02 12:45:00,,,,
2025-05-02 12:54:54,30.74,2025-05-02 13:00:00,,,,
2025-05-02 13:09:54,31.34,2025-05-02 13:15:00,,,,
2025-05-02 13:24:54,27.72,2025-05-02 13:30:00,,,,
2025-05-02 13:39:54,31.23,2025-05-02 13:45:00,,,,
2025-05-02 13:54:54,29.89,2025-05-02 14:00:00,,,,
2025-05-02 14:09:54,30.35,2025-05-02 14:15:00,,,,
2025-05-02 14:24:54,30.36,2025-05-02 14:30:00,,,,
2025-05-02 14:39:55,30.22,2025-05-02 14:45:00,,,,
2025-05-02 14:54:55,32.17,2025-05-02 15:00:00,,,,
2025-05-02 15:09:55,32.22,2025-05-02 15:15:00,,,,
2025-05-02 15:24:55,32.13,2025-05-02 15:30:00,,,,
2025-05-02 15:39:55,36.44,2025-05-02 15:45:00,,,,
2025-05-02 15:54:55,32.77,2025-05-02 16:00:00,,,,
2025-05-02 16:09:55,28.92,2025-05-02 16:15:00,2025-05-02 16:16:58,0.01,in,A
2025-05-02 16:24:55,32.75,2025-05-02 16:30:00,,,,
2025-05-02 16:39:55,31.17,2025-05-02 16:45:00,,,,
2025-05-02 16:54:55,31.76,2025-05-02 17:00:00,,,,
2025-05-02 17:09:55,31.78,2025-05-02 17:15:00,,,,
2025-05-02 17:24:55,31.12,2025-05-02 17:30:00,,,,
2025-05-02 17:39:55,33.5,2025-05-02 17:45:00,,,,
2025-05-03 07:09:57,36.64,2025-05-03 07:15:00,,,,
2025-05-03 07:24:57,35.69,2025-05-03 07:30:00,,,,
2025-05-03 07:39:57,36.05,2025-05-03 07:45:00,,,,
2025-05-03 08:09:56,38.35,2025-05-03 08:15:00,,,,
2025-05-03 08:24:56,37.42,2025-05-03 08:30:00,,,,
2025-05-03 08:39:56,38.35,2025-05-03 08:45:00,,,,
2025-05-03 09:09:56,37.8,2025-05-03 09:15:00,,,,
2025-05-03 09:24:56,39.23,2025-05-03 09:30:00,,,,
2025-05-03 09:39:56,42.48,2025-05-03 09:45:00,,,,
2025-05-03 10:09:56,38.55,2025-05-03 10:15:00,,,,
2025-05-03 10:24:56,39.74,2025-05-03 10:30:00,,,,
2025-05-03 10:39:56,38.06,2025-05-03 10:45:00,,,,
2025-05-03 11:09:57,36.67,2025-05-03 11:15:00,,,,
2025-05-03 11:24:57,36.94,2025-05-03 11:30:00,,,,
2025-05-03 11:39:57,38.33,2025-05-03 11:45:00,,,,
2025-05-03 12:09:56,36.37,2025-05-03 12:15:00,,,,
2025-05-03 12:24:56,37.34,2025-05-03 12:30:00,,,,
2025-05-03 12:39:56,36.61,2025-05-03 12:45:00,,,,
2025-05-03 13:09:57,34.98,2025-05-03 13:15:00,,,,
2025-05-03 13:24:56,38.56,2025-05-03 13:30:00,,,,
2025-05-03 13:39:56,36.48,2025-05-03 13:45:00,,,,
2025-05-03 14:09:56,56.89,2025-05-03 14:15:00,,,,
2025-05-03 14:24:56,38.41,2025-05-03 14:30:00,,,,
2025-05-03 14:39:57,37.91,2025-05-03 14:45:00,,,,
2025-05-03 15:09:57,36.21,2025-05-03 15:15:00,,,,
2025-05-03 15:18:22,36.21,2025-05-03 15:15:00,,,,
2025-05-03 15:18:40,36.21,2025-05-03 15:15:00,,,,
2025-05-03 15:19:25,36.21,2025-05-03 15:15:00,,,,
2025-05-03 15:19:45,36.21,2025-05-03 15:15:00,,,,
2025-05-03 15:20:09,36.21,2025-05-03 15:15:00,,,,
2025-05-03 15:20:39,36.21,2025-05-03 15:15:00,,,,
2025-05-03 15:20:57,36.21,2025-05-03 15:15:00,,,,
2025-05-03 15:21:20,36.21,2025-05-03 15:15:00,,,,
2025-05-03 15:21:36,36.21,2025-05-03 15:15:00,,,,
2025-05-03 15:21:53,36.21,2025-05-03 15:15:00,,,,
2025-05-03 15:24:08,38.66,2025-05-03 15:30:00,,,,
2025-05-03 15:24:26,38.66,2025-05-03 15:30:00,,,,
2025-05-03 15:24:42,38.66,2025-05-03 15:30:00,,,,
2025-05-03 15:24:56,38.66,2025-05-03 15:30:00,,,,
2025-05-03 15:25:14,38.66,2025-05-03 15:30:00,,,,
2025-05-03 15:25:30,38.66,2025-05-03 15:30:00,,,,
2025-05-03 15:25:46,38.66,2025-05-03 15:30:00,,,,
2025-05-03 15:26:03,38.66,2025-05-03 15:30:00,,,,
2025-05-03 15:26:19,38.66,2025-05-03 15:30:00,,,,
2025-05-03 15:26:36,38.66,2025-05-03 15:30:00,,,,
2025-05-03 15:26:52,38.66,2025-05-03 15:30:00,,,,
2025-05-03 15:27:10,38.66,2025-05-03 15:30:00,,,,
2025-05-03 15:27:26,38.66,2025-05-03 15:30:00,,,,
2025-05-03 15:27:42,38.66,2025-05-03 15:30:00,,,,
2025-05-03 15:27:59,38.66,2025-05-03 15:30:00,,,,
2025-05-03 15:28:15,38.66,2025-05-03 15:30:00,,,,
2025-05-03 15:28:33,38.66,2025-05-03 15:30:00,,,,
2025-05-03 15:28:51,38.66,2025-05-03 15:30:00,,,,
2025-05-03 15:29:07,38.66,2025-05-03 15:30:00,,,,
2025-05-03 15:29:23,38.66,2025-05-03 15:30:00,,,,
2025-05-03 15:29:41,38.66,2025-05-03 15:30:00,,,,
2025-05-03 15:29:57,38.66,2025-05-03 15:30:00,,,,
2025-05-03 15:30:13,38.66,2025-05-03 15:30:00,,,,
2025-05-03 15:30:30,38.66,2025-05-03 15:30:00,,,,
2025-05-03 15:30:46,38.66,2025-05-03 15:30:00,,,,
2025-05-03 15:31:02,38.66,2025-05-03 15:30:00,,,,
2025-05-03 15:31:18,38.66,2025-05-03 15:30:00,,,,
2025-05-03 15:31:35,38.66,2025-05-03 15:30:00,,,,
2025-05-03 15:31:52,38.66,2025-05-03 15:30:00,,,,
2025-05-03 15:32:08,38.66,2025-05-03 15:30:00,,,,
2025-05-03 15:32:24,38.66,2025-05-03 15:30:00,,,,
2025-05-03 15:32:40,38.66,2025-05-03 15:30:00,,,,
2025-05-03 15:32:57,38.66,2025-05-03 15:30:00,,,,
2025-05-03 15:39:57,38.66,2025-05-03 15:45:00,,,,
2025-05-03 16:09:57,40.74,2025-05-03 16:15:00,,,,
2025-05-03 16:24:57,38.28,2025-05-03 16:30:00,,,,
2025-05-03 16:39:57,40.22,2025-05-03 16:45:00,,,,
2025-05-03 17:09:57,38.68,2025-05-03 17:15:00,,,,
2025-05-03 17:24:58,39.02,2025-05-03 17:30:00,,,,
2025-05-03 17:39:58,37.89,2025-05-03 17:45:00,,,,
2025-05-04 07:10:05,36.64,2025-05-04 07:15:00,,,,
2025-05-04 07:16:35,36.64,2025-05-04 07:15:00,,,,
2025-05-04 07:17:25,36.64,2025-05-04 07:15:00,,,,
2025-05-04 07:19:15,36.64,2025-05-04 07:15:00,,,,
2025-05-04 07:25:04,43.64,2025-05-04 07:30:00,,,,
2025-05-04 07:33:39,43.64,2025-05-04 07:30:00,,,,
2025-05-04 07:33:57,43.64,2025-05-04 07:30:00,,,,
2025-05-04 07:40:04,41.67,2025-05-04 07:45:00,,,,
2025-05-04 07:44:27,41.67,2025-05-04 07:45:00,,,,
2025-05-04 08:10:04,40.28,2025-05-04 08:15:00,,,,
2025-05-04 08:25:04,40.32,2025-05-04 08:30:00,,,,
2025-05-04 08:31:23,40.32,2025-05-04 08:30:00,,,,
2025-05-04 08:31:49,40.32,2025-05-04 08:30:00,,,,
2025-05-04 08:33:53,40.32,2025-05-04 08:30:00,,,,
2025-05-04 08:34:28,40.32,2025-05-04 08:30:00,,,,
2025-05-04 08:40:05,37.23,2025-05-04 08:45:00,,,,
2025-05-04 08:49:51,37.23,2025-05-04 08:45:00,,,,
2025-05-04 08:51:56,37.23,2025-05-04 08:45:00,,,,
2025-05-04 09:10:04,45.35,2025-05-04 09:15:00,,,,
2025-05-04 09:25:04,46.87,2025-05-04 09:30:00,,,,
2025-05-04 09:40:04,43.25,2025-05-04 09:45:00,,,,
2025-05-04 10:10:04,42.61,2025-05-04 10:15:00,,,,
2025-05-04 10:25:05,40.45,2025-05-04 10:30:00,,,,
2025-05-04 10:40:05,38.99,2025-05-04 10:45:00,,,,
2025-05-04 11:10:05,43.62,2025-05-04 11:15:00,,,,
2025-05-04 11:25:05,44.22,2025-05-04 11:30:00,,,,
2025-05-04 11:40:05,40.37,2025-05-04 11:45:00,,,,
2025-05-04 12:10:05,41.44,2025-05-04 12:15:00,,,,
2025-05-04 12:25:06,40.95,2025-05-04 12:30:00,,,,
2025-05-04 12:40:06,38.03,2025-05-04 12:45:00,,,,
2025-05-04 13:10:06,41.26,2025-05-04 13:15:00,,,,
2025-05-04 13:25:05,38.98,2025-05-04 13:30:00,,,,
2025-05-04 13:40:05,38.42,2025-05-04 13:45:00,,,,
2025-05-04 14:10:05,41.58,2025-05-04 14:15:00,,,,
2025-05-04 14:25:05,49.99,2025-05-04 14:30:00,,,,
2025-05-04 14:34:10,49.99,2025-05-04 14:30:00,,,,
2025-05-04 14:40:05,35.19,2025-05-04 14:45:00,,,,
2025-05-04 15:10:05,39.08,2025-05-04 15:15:00,,,,
2025-05-04 15:25:06,38.01,2025-05-04 15:30:00,,,,
2025-05-04 15:40:05,47.71,2025-05-04 15:45:00,,,,
2025-05-04 16:10:06,43.33,2025-05-04 16:15:00,,,,
2025-05-04 16:25:05,37.46,2025-05-04 16:30:00,,,,
2025-05-04 16:40:05,40.53,2025-05-04 16:45:00,,,,
2025-05-04 17:10:07,39.18,2025-05-04 17:15:00,,,,
2025-05-04 17:25:05,38.06,2025-05-04 17:30:00,,,,
2025-05-04 17:40:06,38.88,2025-05-04 17:45:00,,,,
2025-05-05 07:10:07,37.74,2025-05-05 07:15:00,,,,
2025-05-05 07:25:07,39.82,2025-05-05 07:30:00,,,,
2025-05-05 07:40:07,37.14,2025-05-05 07:45:00,,,,
2025-05-05 08:10:07,37.54,2025-05-05 08:15:00,,,,
2025-05-05 08:25:07,38.27,2025-05-05 08:30:00,,,,
2025-05-05 08:40:07,40.23,2025-05-05 08:45:00,,,,
2025-05-05 09:10:08,39.99,2025-05-05 09:15:00,,,,
2025-05-05 09:25:07,37.18,2025-05-05 09:30:00,,,,
2025-05-05 09:40:07,38.65,2025-05-05 09:45:00,,,,
2025-05-05 10:10:07,39.79,2025-05-05 10:15:00,,,,
2025-05-05 10:25:07,40.13,2025-05-05 10:30:00,,,,
2025-05-05 10:40:08,40.09,2025-05-05 10:45:00,,,,
2025-05-05 11:10:08,37.71,2025-05-05 11:15:00,,,,
2025-05-05 11:25:08,39.38,2025-05-05 11:30:00,,,,
2025-05-05 11:40:08,40.24,2025-05-05 11:45:00,,,,
2025-05-05 12:10:08,40.08,2025-05-05 12:15:00,,,,
2025-05-05 12:25:08,40.68,2025-05-05 12:30:00,,,,
2025-05-05 12:40:08,38.97,2025-05-05 12:45:00,,,,
2025-05-05 13:10:09,40.2,2025-05-05 13:15:00,,,,
2025-05-05 13:25:09,39.36,2025-05-05 13:30:00,,,,
2025-05-05 13:40:09,40.33,2025-05-05 13:45:00,,,,
2025-05-05 14:10:10,40.64,2025-05-05 14:15:00,,,,
2025-05-05 14:25:10,41.26,2025-05-05 14:30:00,,,,
2025-05-05 14:40:10,41.41,2025-05-05 14:45:00,,,,
2025-05-05 15:10:10,41.05,2025-05-05 15:15:00,,,,
2025-05-05 15:25:10,41.65,2025-05-05 15:30:00,,,,
2025-05-05 15:40:10,40.92,2025-05-05 15:45:00,,,,
2025-05-05 16:10:10,40.89,2025-05-05 16:15:00,,,,
2025-05-05 16:25:10,40.59,2025-05-05 16:30:00,,,,
2025-05-05 16:40:10,41.06,2025-05-05 16:45:00,,,,
2025-05-05 17:10:11,39.64,2025-05-05 17:15:00,,,,
2025-05-05 17:25:10,38.16,2025-05-05 17:30:00,,,,
2025-05-05 17:40:10,39.18,2025-05-05 17:45:00,,,,
2025-05-06 07:10:12,36.32,2025-05-06 07:15:00,,,,
2025-05-06 07:25:12,35.98,2025-05-06 07:30:00,,,,
2025-05-06 07:40:12,36.55,2025-05-06 07:45:00,,,,
2025-05-06 08:10:13,36.77,2025-05-06 08:15:00,,,,
2025-05-06 08:25:13,36.23,2025-05-06 08:30:00,,,,
2025-05-06 08:40:13,36.48,2025-05-06 08:45:00,,,,
2025-05-06 09:10:14,37.15,2025-05-06 09:15:00,,,,
2025-05-06 09:25:14,35.57,2025-05-06 09:30:00,,,,
2025-05-06 09:40:15,35.58,2025-05-06 09:45:00,,,,
2025-05-06 10:10:15,36.26,2025-05-06 10:15:00,,,,
2025-05-06 10:25:14,35.86,2025-05-06 10:30:00,,,,
2025-05-06 10:40:14,35.36,2025-05-06 10:45:00,,,,
2025-05-06 11:10:14,35.97,2025-05-06 11:15:00,,,,
2025-05-06 11:25:14,36.0,2025-05-06 11:30:00,,,,
2025-05-06 11:40:14,36.25,2025-05-06 11:45:00,,,,
2025-05-06 12:10:15,37.36,2025-05-06 12:15:00,,,,
2025-05-06 12:25:15,36.32,2025-05-06 12:30:00,,,,
2025-05-06 12:40:14,36.96,2025-05-06 12:45:00,,,,
2025-05-06 13:10:16,36.78,2025-05-06 13:15:00,,,,
2025-05-06 13:25:15,45.34,2025-05-06 13:30:00,,,,
2025-05-06 13:40:14,36.52,2025-05-06 13:45:00,,,,
2025-05-06 14:10:14,37.13,2025-05-06 14:15:00,,,,
2025-05-06 14:25:14,36.84,2025-05-06 14:30:00,,,,
2025-05-06 14:40:15,36.28,2025-05-06 14:45:00,,,,
2025-05-06 15:10:15,36.53,2025-05-06 15:15:00,,,,
2025-05-06 15:25:14,36.26,2025-05-06 15:30:00,,,,
2025-05-06 15:40:14,35.96,2025-05-06 15:45:00,,,,
2025-05-06 16:10:14,35.55,2025-05-06 16:15:00,,,,
2025-05-06 16:25:14,34.02,2025-05-06 16:30:00,2025-05-06 16:35:08,0.01,in,A
2025-05-06 16:25:14,34.02,2025-05-06 16:30:00,2025-05-06 16:35:06,0.01,in,A
2025-05-06 16:40:14,34.91,2025-05-06 16:45:00,,,,
2025-05-06 17:10:15,35.3,2025-05-06 17:15:00,,,,
2025-05-06 17:25:15,34.14,2025-05-06 17:30:00,,,,
2025-05-06 17:40:14,35.07,2025-05-06 17:45:00,,,,
2025-05-07 07:10:18,35.26,2025-05-07 07:15:00,,,,
2025-05-07 07:25:18,34.16,2025-05-07 07:30:00,,,,
2025-05-07 07:40:18,35.52,2025-05-07 07:45:00,,,,
2025-05-07 08:10:18,35.68,2025-05-07 08:15:00,2025-05-07 08:15:06,0.01,in,A
2025-05-07 08:25:18,36.85,2025-05-07 08:30:00,,,,
2025-05-07 08:40:17,34.45,2025-05-07 08:45:00,,,,
2025-05-07 09:10:19,35.83,2025-05-07 09:15:00,,,,
2025-05-07 09:25:18,35.74,2025-05-07 09:30:00,,,,
2025-05-07 09:40:17,35.8,2025-05-07 09:45:00,,,,
2025-05-07 10:10:17,33.23,2025-05-07 10:15:00,,,,
2025-05-07 10:25:17,36.52,2025-05-07 10:30:00,,,,
2025-05-07 10:40:17,35.65,2025-05-07 10:45:00,,,,
2025-05-07 11:10:17,36.23,2025-05-07 11:15:00,,,,
2025-05-07 11:25:17,37.58,2025-05-07 11:30:00,,,,
2025-05-07 11:40:17,36.48,2025-05-07 11:45:00,,,,
2025-05-07 12:10:18,37.58,2025-05-07 12:15:00,,,,
2025-05-07 12:25:18,36.69,2025-05-07 12:30:00,,,,
2025-05-07 12:40:18,39.32,2025-05-07 12:45:00,,,,
2025-05-07 13:10:18,38.13,2025-05-07 13:15:00,,,,
2025-05-07 13:25:18,35.23,2025-05-07 13:30:00,,,,
2025-05-07 13:40:18,38.04,2025-05-07 13:45:00,,,,
2025-05-07 14:10:19,38.24,2025-05-07 14:15:00,,,,
2025-05-07 14:25:19,38.21,2025-05-07 14:30:00,,,,
2025-05-07 14:40:19,37.04,2025-05-07 14:45:00,,,,
2025-05-07 15:10:19,36.59,2025-05-07 15:15:00,,,,
2025-05-07 15:25:19,35.98,2025-05-07 15:30:00,,,,
2025-05-07 15:40:19,40.24,2025-05-07 15:45:00,,,,
2025-05-07 16:10:19,38.53,2025-05-07 16:15:00,,,,
2025-05-07 16:25:19,36.8,2025-05-07 16:30:00,,,,
2025-05-07 16:40:19,38.21,2025-05-07 16:45:00,,,,
2025-05-07 17:10:21,36.68,2025-05-07 17:15:00,,,,
2025-05-07 17:25:19,35.71,2025-05-07 17:30:00,,,,
2025-05-07 17:40:20,39.45,2025-05-07 17:45:00,,,,
2025-05-08 07:10:23,39.95,2025-05-08 07:15:00,,,,
2025-05-08 07:25:23,38.61,2025-05-08 07:30:00,,,,
2025-05-08 07:40:23,39.0,2025-05-08 07:45:00,,,,
2025-05-08 08:10:22,37.36,2025-05-08 08:15:00,,,,
2025-05-08 08:25:22,38.84,2025-05-08 08:30:00,,,,
2025-05-08 08:40:22,38.78,2025-05-08 08:45:00,,,,
2025-05-08 09:10:22,39.86,2025-05-08 09:15:00,,,,
2025-05-08 09:25:24,37.08,2025-05-08 09:30:00,,,,
2025-05-08 09:40:22,38.93,2025-05-08 09:45:00,,,,
2025-05-08 10:10:22,38.67,2025-05-08 10:15:00,,,,
2025-05-08 10:25:22,38.32,2025-05-08 10:30:00,,,,
2025-05-08 10:40:23,35.31,2025-05-08 10:45:00,,,,
2025-05-08 11:10:23,37.42,2025-05-08 11:15:00,,,,
2025-05-08 11:25:23,38.0,2025-05-08 11:30:00,,,,
2025-05-08 11:40:23,36.84,2025-05-08 11:45:00,,,,
2025-05-08 12:10:23,38.29,2025-05-08 12:15:00,,,,
2025-05-08 12:25:23,38.34,2025-05-08 12:30:00,,,,
2025-05-08 12:40:23,36.32,2025-05-08 12:45:00,,,,
2025-05-08 13:10:24,38.08,2025-05-08 13:15:00,,,,
2025-05-08 13:25:24,37.61,2025-05-08 13:30:00,,,,
2025-05-08 13:40:24,37.32,2025-05-08 13:45:00,,,,
2025-05-08 14:10:23,36.21,2025-05-08 14:15:00,,,,
2025-05-08 14:25:23,36.3,2025-05-08 14:30:00,,,,
2025-05-08 14:36:57,36.3,2025-05-08 14:30:00,,,,
2025-05-08 14:40:24,37.56,2025-05-08 14:45:00,,,,
2025-05-08 15:10:24,38.67,2025-05-08 15:15:00,,,,
2025-05-08 15:13:14,38.67,2025-05-08 15:15:00,,,,
2025-05-08 15:25:24,36.68,2025-05-08 15:30:00,,,,
2025-05-08 15:40:25,36.32,2025-05-08 15:45:00,,,,
2025-05-08 16:10:25,36.27,2025-05-08 16:15:00,,,,
2025-05-08 16:19:22,36.27,2025-05-08 16:15:00,,,,
2025-05-08 16:25:25,35.84,2025-05-08 16:30:00,,,,
2025-05-08 16:40:25,36.64,2025-05-08 16:45:00,,,,
2025-05-08 17:10:25,34.9,2025-05-08 17:15:00,,,,
2025-05-08 17:25:25,33.8,2025-05-08 17:30:00,,,,
2025-05-08 17:40:25,37.37,2025-05-08 17:45:00,,,,
2025-05-08 17:44:09,37.37,2025-05-08 17:45:00,,,,
2025-05-09 06:55:28,32.46,2025-05-09 07:00:00,,,,
2025-05-09 07:10:29,32.49,2025-05-09 07:15:00,,,,
2025-05-09 07:25:29,33.63,2025-05-09 07:30:00,,,,
2025-05-09 07:40:28,34.33,2025-05-09 07:45:00,,,,
2025-05-09 07:55:28,33.64,2025-05-09 08:00:00,,,,
2025-05-09 08:10:28,32.77,2025-05-09 08:15:00,,,,
2025-05-09 08:25:28,33.81,2025-05-09 08:30:00,,,,
2025-05-09 08:40:28,32.77,2025-05-09 08:45:00,,,,
2025-05-09 08:55:28,33.11,2025-05-09 09:00:00,,,,
2025-05-09 09:10:28,33.33,2025-05-09 09:15:00,,,,
2025-05-09 09:25:28,32.11,2025-05-09 09:30:00,,,,
2025-05-09 09:40:28,32.37,2025-05-09 09:45:00,,,,
2025-05-09 09:55:28,33.45,2025-05-09 10:00:00,,,,
2025-05-09 10:10:29,34.18,2025-05-09 10:15:00,,,,
2025-05-09 10:25:29,33.85,2025-05-09 10:30:00,,,,
2025-05-09 10:40:29,33.07,2025-05-09 10:45:00,,,,
2025-05-09 10:55:29,33.14,2025-05-09 11:00:00,,,,
2025-05-09 11:10:29,32.47,2025-05-09 11:15:00,,,,
2025-05-09 11:25:29,33.4,2025-05-09 11:30:00,,,,
2025-05-09 11:40:29,33.26,2025-05-09 11:45:00,,,,
2025-05-09 12:10:29,32.75,2025-05-09 12:15:00,,,,
2025-05-09 12:25:29,33.14,2025-05-09 12:30:00,,,,
2025-05-09 12:40:29,33.58,2025-05-09 12:45:00,,,,
2025-05-09 12:55:29,31.94,2025-05-09 13:00:00,,,,
2025-05-09 13:10:30,33.04,2025-05-09 13:15:00,,,,
2025-05-09 13:25:29,33.56,2025-05-09 13:30:00,,,,
2025-05-09 13:40:29,34.05,2025-05-09 13:45:00,,,,
2025-05-09 13:55:29,33.65,2025-05-09 14:00:00,,,,
2025-05-09 14:10:29,35.02,2025-05-09 14:15:00,,,,
2025-05-09 14:25:29,34.18,2025-05-09 14:30:00,,,,
2025-05-09 14:40:29,34.4,2025-05-09 14:45:00,,,,
2025-05-09 14:55:30,33.81,2025-05-09 15:00:00,,,,
2025-05-09 15:10:30,33.08,2025-05-09 15:15:00,,,,
2025-05-09 15:25:30,33.39,2025-05-09 15:30:00,,,,
2025-05-09 15:40:30,31.91,2025-05-09 15:45:00,,,,
2025-05-09 15:55:29,33.39,2025-05-09 16:00:00,,,,
2025-05-09 16:10:29,34.16,2025-05-09 16:15:00,,,,
2025-05-09 16:25:29,32.73,2025-05-09 16:30:00,,,,
2025-05-09 16:40:29,32.78,2025-05-09 16:45:00,,,,
2025-05-09 16:55:29,32.7,2025-05-09 17:00:00,,,,
2025-05-09 17:10:30,33.36,2025-05-09 17:15:00,,,,
2025-05-09 17:25:30,33.06,2025-05-09 17:30:00,,,,
2025-05-09 17:40:30,32.96,2025-05-09 17:45:00,,,,
2025-05-10 06:55:33,30.97,2025-05-10 07:00:00,,,,
2025-05-10 07:10:33,32.03,2025-05-10 07:15:00,,,,
2025-05-10 07:25:33,32.87,2025-05-10 07:30:00,,,,
2025-05-10 07:40:33,31.18,2025-05-10 07:45:00,,,,
2025-05-10 07:55:33,32.56,2025-05-10 08:00:00,,,,
2025-05-10 08:10:33,31.48,2025-05-10 08:15:00,,,,
2025-05-10 08:25:33,33.37,2025-05-10 08:30:00,,,,
2025-05-10 08:40:33,32.36,2025-05-10 08:45:00,,,,
2025-05-10 08:55:33,33.06,2025-05-10 09:00:00,,,,
2025-05-10 09:10:33,33.74,2025-05-10 09:15:00,,,,
2025-05-10 09:25:33,31.1,2025-05-10 09:30:00,,,,
2025-05-10 09:40:33,31.82,2025-05-10 09:45:00,,,,
2025-05-10 09:55:33,33.12,2025-05-10 10:00:00,,,,
2025-05-10 10:10:33,33.57,2025-05-10 10:15:00,,,,
2025-05-10 10:25:33,33.68,2025-05-10 10:30:00,,,,
2025-05-10 10:40:33,33.61,2025-05-10 10:45:00,,,,
2025-05-10 10:55:34,33.67,2025-05-10 11:00:00,,,,
2025-05-10 11:10:34,32.78,2025-05-10 11:15:00,,,,
2025-05-10 11:25:34,33.91,2025-05-10 11:30:00,,,,
2025-05-10 11:40:34,33.54,2025-05-10 11:45:00,,,,
2025-05-10 11:55:33,32.8,2025-05-10 12:00:00,,,,
2025-05-10 12:10:33,32.85,2025-05-10 12:15:00,,,,
2025-05-10 12:25:33,33.23,2025-05-10 12:30:00,,,,
2025-05-10 12:40:33,32.98,2025-05-10 12:45:00,,,,
2025-05-10 12:55:34,32.59,2025-05-10 13:00:00,,,,
2025-05-10 13:10:33,32.34,2025-05-10 13:15:00,,,,
2025-05-10 13:25:33,33.36,2025-05-10 13:30:00,,,,
2025-05-10 13:40:33,32.91,2025-05-10 13:45:00,,,,
2025-05-10 13:55:33,33.03,2025-05-10 14:00:00,,,,
2025-05-10 14:10:33,33.52,2025-05-10 14:15:00,,,,
2025-05-10 14:25:34,34.32,2025-05-10 14:30:00,,,,
2025-05-10 14:40:34,34.15,2025-05-10 14:45:00,,,,
2025-05-10 14:55:33,32.03,2025-05-10 15:00:00,,,,
2025-05-10 15:10:33,33.43,2025-05-10 15:15:00,,,,
2025-05-10 15:25:34,33.17,2025-05-10 15:30:00,,,,
2025-05-10 15:40:34,32.98,2025-05-10 15:45:00,,,,
2025-05-10 15:55:34,33.06,2025-05-10 16:00:00,,,,
2025-05-10 16:10:34,33.37,2025-05-10 16:15:00,,,,
2025-05-10 16:25:34,32.87,2025-05-10 16:30:00,,,,
2025-05-10 16:40:34,33.82,2025-05-10 16:45:00,,,,
2025-05-10 16:55:34,33.41,2025-05-10 17:00:00,,,,
2025-05-10 17:10:34,33.58,2025-05-10 17:15:00,,,,
2025-05-10 17:25:35,33.71,2025-05-10 17:30:00,,,,
2025-05-10 17:40:35,32.84,2025-05-10 17:45:00,,,,
2025-05-11 06:55:40,31.52,2025-05-11 07:00:00,,,,
2025-05-11 07:10:10,31.82,2025-05-11 07:15:00,,,,
2025-05-11 07:10:40,31.82,2025-05-11 07:15:00,,,,
2025-05-11 07:12:01,31.82,2025-05-11 07:15:00,,,,
2025-05-11 07:25:40,32.25,2025-05-11 07:30:00,,,,
2025-05-11 07:39:28,32.62,2025-05-11 07:45:00,,,,
2025-05-11 07:40:40,32.62,2025-05-11 07:45:00,,,,
2025-05-11 07:55:40,31.97,2025-05-11 08:00:00,,,,
2025-05-11 08:10:40,31.61,2025-05-11 08:15:00,,,,
2025-05-11 08:25:40,32.18,2025-05-11 08:30:00,,,,
2025-05-11 08:40:40,33.9,2025-05-11 08:45:00,,,,
2025-05-11 08:55:40,32.26,2025-05-11 09:00:00,,,,
2025-05-11 09:10:40,32.72,2025-05-11 09:15:00,,,,
2025-05-11 09:25:40,31.45,2025-05-11 09:30:00,,,,
2025-05-11 09:40:40,31.0,2025-05-11 09:45:00,,,,
2025-05-11 09:55:40,30.77,2025-05-11 10:00:00,,,,
2025-05-11 10:10:40,31.56,2025-05-11 10:15:00,,,,
2025-05-11 10:25:41,32.28,2025-05-11 10:30:00,,,,
2025-05-11 10:40:41,32.92,2025-05-11 10:45:00,,,,
2025-05-11 10:55:41,31.53,2025-05-11 11:00:00,,,,
2025-05-11 11:10:40,31.58,2025-05-11 11:15:00,,,,
2025-05-11 11:25:40,32.48,2025-05-11 11:30:00,,,,
2025-05-11 11:40:40,32.0,2025-05-11 11:45:00,,,,
2025-05-11 11:55:41,32.76,2025-05-11 12:00:00,,,,
2025-05-11 12:10:41,33.78,2025-05-11 12:15:00,,,,
2025-05-11 12:25:40,31.6,2025-05-11 12:30:00,,,,
2025-05-11 12:40:40,32.41,2025-05-11 12:45:00,,,,
2025-05-11 12:55:40,30.79,2025-05-11 13:00:00,,,,
2025-05-11 13:10:41,31.97,2025-05-11 13:15:00,,,,
2025-05-11 13:25:40,30.62,2025-05-11 13:30:00,,,,
2025-05-11 13:40:40,32.11,2025-05-11 13:45:00,,,,
2025-05-11 13:55:40,30.17,2025-05-11 14:00:00,,,,
2025-05-11 14:10:40,32.3,2025-05-11 14:15:00,,,,
2025-05-11 14:25:40,31.79,2025-05-11 14:30:00,,,,
2025-05-11 14:40:41,30.96,2025-05-11 14:45:00,,,,
2025-05-11 14:55:41,32.39,2025-05-11 15:00:00,,,,
2025-05-11 15:10:40,31.75,2025-05-11 15:15:00,,,,
2025-05-11 15:25:40,32.07,2025-05-11 15:30:00,,,,
2025-05-11 15:40:40,33.84,2025-05-11 15:45:00,,,,
2025-05-11 15:45:16,33.84,2025-05-11 15:45:00,,,,
2025-05-11 15:50:49,33.84,2025-05-11 15:45:00,,,,
2025-05-11 15:55:40,31.62,2025-05-11 16:00:00,,,,
2025-05-11 16:10:40,32.37,2025-05-11 16:15:00,,,,
2025-05-11 16:25:41,31.96,2025-05-11 16:30:00,,,,
2025-05-11 16:40:41,32.56,2025-05-11 16:45:00,,,,
2025-05-11 16:55:41,30.57,2025-05-11 17:00:00,,,,
2025-05-11 17:10:41,31.06,2025-05-11 17:15:00,,,,
2025-05-11 17:25:41,32.88,2025-05-11 17:30:00,,,,
2025-05-11 17:40:41,31.21,2025-05-11 17:45:00,,,,
2025-05-12 06:55:44,31.09,2025-05-12 07:00:00,,,,
2025-05-12 07:10:44,31.03,2025-05-12 07:15:00,,,,
2025-05-12 07:25:44,31.57,2025-05-12 07:30:00,,,,
2025-05-12 07:40:44,30.63,2025-05-12 07:45:00,,,,
2025-05-12 07:55:44,31.53,2025-05-12 08:00:00,,,,
2025-05-12 08:10:44,31.32,2025-05-12 08:15:00,,,,
2025-05-12 08:25:45,32.95,2025-05-12 08:30:00,,,,
2025-05-12 08:40:45,30.68,2025-05-12 08:45:00,,,,
2025-05-12 08:55:45,31.89,2025-05-12 09:00:00,,,,
2025-05-12 09:10:45,31.4,2025-05-12 09:15:00,,,,
2025-05-12 09:25:46,32.16,2025-05-12 09:30:00,,,,
2025-05-12 09:40:46,31.17,2025-05-12 09:45:00,,,,
2025-05-12 09:55:46,31.0,2025-05-12 10:00:00,,,,
2025-05-12 10:10:46,31.96,2025-05-12 10:15:00,,,,
2025-05-12 10:25:46,33.32,2025-05-12 10:30:00,,,,
2025-05-12 10:40:46,31.67,2025-05-12 10:45:00,,,,
2025-05-12 10:55:46,32.0,2025-05-12 11:00:00,,,,
2025-05-12 11:10:47,31.52,2025-05-12 11:15:00,,,,
2025-05-12 11:25:47,31.99,2025-05-12 11:30:00,,,,
2025-05-12 11:40:47,32.73,2025-05-12 11:45:00,,,,
2025-05-12 11:55:47,32.12,2025-05-12 12:00:00,,,,
2025-05-12 12:10:47,31.09,2025-05-12 12:15:00,,,,
2025-05-12 12:25:47,30.74,2025-05-12 12:30:00,,,,
2025-05-12 12:40:47,31.89,2025-05-12 12:45:00,,,,
2025-05-12 12:55:48,32.19,2025-05-12 13:00:00,,,,
2025-05-12 13:10:48,32.03,2025-05-12 13:15:00,,,,
2025-05-12 13:25:47,31.1,2025-05-12 13:30:00,,,,
2025-05-12 13:40:47,31.2,2025-05-12 13:45:00,,,,
2025-05-12 13:55:47,31.44,2025-05-12 14:00:00,,,,
2025-05-12 14:10:47,30.98,2025-05-12 14:15:00,,,,
2025-05-12 14:25:48,32.1,2025-05-12 14:30:00,,,,
2025-05-12 14:36:46,32.1,2025-05-12 14:30:00,,,,
2025-05-12 14:40:48,31.63,2025-05-12 14:45:00,,,,
2025-05-12 14:55:48,32.1,2025-05-12 15:00:00,,,,
2025-05-12 15:10:48,30.82,2025-05-12 15:15:00,,,,
2025-05-12 15:25:48,31.32,2025-05-12 15:30:00,,,,
2025-05-12 15:40:48,31.72,2025-05-12 15:45:00,,,,
2025-05-12 15:55:49,31.46,2025-05-12 16:00:00,,,,
2025-05-12 16:10:49,32.32,2025-05-12 16:15:00,,,,
2025-05-12 16:25:49,32.07,2025-05-12 16:30:00,,,,
2025-05-12 16:40:49,32.59,2025-05-12 16:45:00,,,,
2025-05-12 16:55:49,31.68,2025-05-12 17:00:00,,,,
2025-05-12 17:10:49,32.34,2025-05-12 17:15:00,,,,
2025-05-12 17:25:49,31.63,2025-05-12 17:30:00,,,,
2025-05-12 17:40:49,31.4,2025-05-12 17:45:00,,,,
2025-05-13 06:55:52,32.03,2025-05-13 07:00:00,,,,
2025-05-13 07:10:52,32.1,2025-05-13 07:15:00,,,,
2025-05-13 07:25:52,32.45,2025-05-13 07:30:00,,,,
2025-05-13 07:40:51,32.44,2025-05-13 07:45:00,,,,
2025-05-13 07:55:51,31.82,2025-05-13 08:00:00,,,,
2025-05-13 08:10:51,32.56,2025-05-13 08:15:00,,,,
2025-05-13 08:25:51,32.06,2025-05-13 08:30:00,,,,
2025-05-13 08:40:51,32.52,2025-05-13 08:45:00,,,,
2025-05-13 08:55:52,32.39,2025-05-13 09:00:00,,,,
2025-05-13 09:10:51,32.62,2025-05-13 09:15:00,,,,
2025-05-13 09:25:52,32.25,2025-05-13 09:30:00,,,,
2025-05-13 09:40:52,33.63,2025-05-13 09:45:00,,,,
2025-05-13 09:55:51,32.94,2025-05-13 10:00:00,,,,
2025-05-13 10:10:51,31.88,2025-05-13 10:15:00,,,,
2025-05-13 10:25:51,33.12,2025-05-13 10:30:00,,,,
2025-05-13 10:40:52,32.8,2025-05-13 10:45:00,,,,
2025-05-13 10:55:52,33.14,2025-05-13 11:00:00,,,,
2025-05-13 11:10:52,33.61,2025-05-13 11:15:00,,,,
2025-05-13 11:25:16,32.86,2025-05-13 11:30:00,,,,
2025-05-13 11:25:52,32.86,2025-05-13 11:30:00,,,,
2025-05-13 11:35:33,32.86,2025-05-13 11:30:00,,,,
2025-05-13 11:40:52,32.56,2025-05-13 11:45:00,,,,
2025-05-13 11:55:51,32.75,2025-05-13 12:00:00,,,,
2025-05-13 12:10:51,33.57,2025-05-13 12:15:00,,,,
2025-05-13 12:25:51,32.29,2025-05-13 12:30:00,,,,
2025-05-13 12:40:51,33.04,2025-05-13 12:45:00,,,,
2025-05-13 12:55:51,32.21,2025-05-13 13:00:00,,,,
2025-05-13 13:10:52,33.01,2025-05-13 13:15:00,,,,
2025-05-13 13:25:51,33.16,2025-05-13 13:30:00,,,,
2025-05-13 13:40:51,31.91,2025-05-13 13:45:00,,,,
2025-05-13 13:55:51,32.48,2025-05-13 14:00:00,,,,
2025-05-13 14:10:51,31.41,2025-05-13 14:15:00,,,,
2025-05-13 14:25:51,32.51,2025-05-13 14:30:00,,,,
2025-05-13 14:40:52,30.99,2025-05-13 14:45:00,,,,
2025-05-13 14:55:52,33.02,2025-05-13 15:00:00,,,,
2025-05-13 15:10:51,34.19,2025-05-13 15:15:00,,,,
2025-05-13 15:25:51,32.32,2025-05-13 15:30:00,,,,
2025-05-13 15:40:51,32.0,2025-05-13 15:45:00,,,,
2025-05-13 15:55:51,32.03,2025-05-13 16:00:00,,,,
2025-05-13 16:10:51,32.43,2025-05-13 16:15:00,,,,
2025-05-13 16:25:52,32.24,2025-05-13 16:30:00,,,,
2025-05-13 16:40:52,31.91,2025-05-13 16:45:00,,,,
2025-05-13 16:55:51,32.54,2025-05-13 17:00:00,,,,
2025-05-13 17:10:51,31.93,2025-05-13 17:15:00,,,,
2025-05-13 17:25:51,31.85,2025-05-13 17:30:00,,,,
2025-05-13 17:40:51,32.72,2025-05-13 17:45:00,,,,
2025-05-14 06:55:54,31.01,2025-05-14 07:00:00,,,,
2025-05-14 07:10:54,32.16,2025-05-14 07:15:00,,,,
2025-05-14 07:25:55,33.42,2025-05-14 07:30:00,,,,
2025-05-14 07:40:55,32.24,2025-05-14 07:45:00,,,,
2025-05-14 07:55:54,31.91,2025-05-14 08:00:00,,,,
2025-05-14 08:10:54,33.89,2025-05-14 08:15:00,,,,
2025-05-14 08:25:54,31.62,2025-05-14 08:30:00,,,,
2025-05-14 08:40:54,33.87,2025-05-14 08:45:00,,,,
2025-05-14 08:55:54,31.91,2025-05-14 09:00:00,,,,
2025-05-14 09:10:54,32.07,2025-05-14 09:15:00,,,,
2025-05-14 09:25:54,32.73,2025-05-14 09:30:00,,,,
2025-05-14 09:33:49,32.73,2025-05-14 09:30:00,,,,
2025-05-14 09:40:54,33.64,2025-05-14 09:45:00,,,,
2025-05-14 09:55:55,32.58,2025-05-14 10:00:00,,,,
2025-05-14 10:10:55,32.56,2025-05-14 10:15:00,,,,
2025-05-14 10:25:54,32.13,2025-05-14 10:30:00,,,,
2025-05-14 10:40:54,33.35,2025-05-14 10:45:00,,,,
2025-05-14 10:50:40,33.35,2025-05-14 10:45:00,,,,
2025-05-14 11:10:54,33.2,2025-05-14 11:15:00,,,,
2025-05-14 11:15:08,33.2,2025-05-14 11:15:00,,,,
2025-05-14 11:25:55,31.54,2025-05-14 11:30:00,,,,
2025-05-14 11:27:16,31.54,2025-05-14 11:30:00,,,,
2025-05-14 11:35:45,31.54,2025-05-14 11:30:00,,,,
2025-05-14 11:36:23,31.54,2025-05-14 11:30:00,,,,
2025-05-14 11:40:54,33.1,2025-05-14 11:45:00,,,,
2025-05-14 11:41:53,33.1,2025-05-14 11:45:00,,,,
2025-05-14 11:55:54,32.37,2025-05-14 12:00:00,,,,
2025-05-14 11:59:06,32.37,2025-05-14 12:00:00,,,,
2025-05-14 12:02:00,32.37,2025-05-14 12:00:00,,,,
2025-05-14 12:10:54,33.36,2025-05-14 12:15:00,,,,
2025-05-14 12:25:54,33.79,2025-05-14 12:30:00,,,,
2025-05-14 12:29:03,33.79,2025-05-14 12:30:00,,,,
2025-05-14 12:40:54,32.78,2025-05-14 12:45:00,,,,
2025-05-14 12:43:07,32.78,2025-05-14 12:45:00,,,,
2025-05-14 12:54:32,32.54,2025-05-14 13:00:00,,,,
2025-05-14 12:55:54,32.54,2025-05-14 13:00:00,,,,
2025-05-14 13:03:05,32.54,2025-05-14 13:00:00,,,,
2025-05-14 13:10:54,36.09,2025-05-14 13:15:00,,,,
2025-05-14 13:25:55,33.61,2025-05-14 13:30:00,,,,
2025-05-14 13:36:54,33.61,2025-05-14 13:30:00,,,,
2025-05-14 13:40:55,32.68,2025-05-14 13:45:00,,,,
2025-05-14 13:48:48,32.68,2025-05-14 13:45:00,,,,
2025-05-14 13:55:55,32.57,2025-05-14 14:00:00,,,,
2025-05-14 14:10:54,32.78,2025-05-14 14:15:00,,,,
2025-05-14 14:25:54,32.91,2025-05-14 14:30:00,,,,
2025-05-14 14:35:31,32.91,2025-05-14 14:30:00,,,,
2025-05-14 14:40:54,32.52,2025-05-14 14:45:00,,,,
2025-05-14 14:47:46,32.52,2025-05-14 14:45:00,,,,
2025-05-14 14:55:54,32.85,2025-05-14 15:00:00,,,,
2025-05-14 15:10:55,32.7,2025-05-14 15:15:00,,,,
2025-05-14 15:17:32,32.7,2025-05-14 15:15:00,,,,
2025-05-14 15:25:55,32.59,2025-05-14 15:30:00,,,,
2025-05-14 15:27:08,32.59,2025-05-14 15:30:00,,,,
2025-05-14 15:40:09,33.69,2025-05-14 15:45:00,,,,
2025-05-14 15:40:54,33.69,2025-05-14 15:45:00,,,,
2025-05-14 16:10:55,32.83,2025-05-14 16:15:00,,,,
2025-05-14 16:16:15,32.83,2025-05-14 16:15:00,,,,
2025-05-14 16:25:55,32.32,2025-05-14 16:30:00,,,,
2025-05-14 16:40:55,31.87,2025-05-14 16:45:00,,,,
2025-05-14 16:55:55,33.15,2025-05-14 17:00:00,,,,
2025-05-14 17:04:29,33.15,2025-05-14 17:00:00,,,,
2025-05-14 17:10:55,33.48,2025-05-14 17:15:00,,,,
2025-05-14 17:25:55,32.53,2025-05-14 17:30:00,,,,
2025-05-14 17:40:55,32.68,2025-05-14 17:45:00,,,,
2025-05-15 06:55:56,32.51,2025-05-15 07:00:00,,,,
2025-05-15 07:10:57,31.53,2025-05-15 07:15:00,,,,
2025-05-15 07:25:57,31.8,2025-05-15 07:30:00,,,,
2025-05-15 07:40:57,31.77,2025-05-15 07:45:00,,,,
2025-05-15 07:55:56,32.05,2025-05-15 08:00:00,,,,
2025-05-15 08:10:56,31.48,2025-05-15 08:15:00,,,,
2025-05-15 08:25:56,32.59,2025-05-15 08:30:00,,,,
2025-05-15 08:40:56,34.19,2025-05-15 08:45:00,,,,
2025-05-15 08:55:56,31.94,2025-05-15 09:00:00,,,,
2025-05-15 09:10:56,32.24,2025-05-15 09:15:00,,,,
2025-05-15 09:25:56,33.38,2025-05-15 09:30:00,,,,
2025-05-15 09:40:56,33.29,2025-05-15 09:45:00,,,,
2025-05-15 09:55:57,32.16,2025-05-15 10:00:00,,,,
2025-05-15 10:10:57,31.89,2025-05-15 10:15:00,,,,
2025-05-15 10:25:57,33.59,2025-05-15 10:30:00,,,,
2025-05-15 10:40:57,32.62,2025-05-15 10:45:00,,,,
2025-05-15 10:55:57,33.59,2025-05-15 11:00:00,,,,
2025-05-15 11:10:57,35.2,2025-05-15 11:15:00,,,,
2025-05-15 11:25:58,33.56,2025-05-15 11:30:00,,,,
2025-05-15 11:40:58,34.02,2025-05-15 11:45:00,,,,
2025-05-15 11:55:57,33.18,2025-05-15 12:00:00,,,,
2025-05-15 12:09:10,33.77,2025-05-15 12:15:00,,,,
2025-05-15 12:10:57,33.77,2025-05-15 12:15:00,,,,
2025-05-15 12:25:57,32.68,2025-05-15 12:30:00,,,,
2025-05-15 12:39:21,33.59,2025-05-15 12:45:00,,,,
2025-05-15 12:40:57,33.59,2025-05-15 12:45:00,,,,
2025-05-15 13:10:58,32.77,2025-05-15 13:15:00,,,,
2025-05-15 13:25:57,32.82,2025-05-15 13:30:00,,,,
2025-05-15 13:40:57,33.59,2025-05-15 13:45:00,,,,
2025-05-15 13:55:57,33.5,2025-05-15 14:00:00,,,,
2025-05-15 14:10:57,31.92,2025-05-15 14:15:00,,,,
2025-05-15 14:25:57,32.74,2025-05-15 14:30:00,,,,
2025-05-15 14:40:16,33.07,2025-05-15 14:45:00,,,,
2025-05-15 14:40:57,33.07,2025-05-15 14:45:00,,,,
2025-05-15 14:48:56,33.07,2025-05-15 14:45:00,,,,
2025-05-15 14:55:57,32.53,2025-05-15 15:00:00,,,,
2025-05-15 15:10:58,32.73,2025-05-15 15:15:00,,,,
2025-05-15 15:25:58,32.78,2025-05-15 15:30:00,,,,
2025-05-15 15:40:57,33.8,2025-05-15 15:45:00,,,,
2025-05-15 15:55:58,32.35,2025-05-15 16:00:00,,,,
2025-05-15 16:10:58,32.75,2025-05-15 16:15:00,,,,
2025-05-15 16:25:57,33.42,2025-05-15 16:30:00,,,,
2025-05-15 16:40:57,34.21,2025-05-15 16:45:00,,,,
2025-05-15 16:55:57,32.56,2025-05-15 17:00:00,,,,
2025-05-15 17:10:57,32.61,2025-05-15 17:15:00,,,,
2025-05-15 17:25:58,33.73,2025-05-15 17:30:00,,,,
2025-05-15 17:40:58,31.27,2025-05-15 17:45:00,,,,
2025-05-16 06:55:59,32.05,2025-05-16 07:00:00,,,,
2025-05-16 07:10:59,32.74,2025-05-16 07:15:00,,,,
2025-05-16 07:25:59,32.48,2025-05-16 07:30:00,,,,
2025-05-16 07:40:59,31.73,2025-05-16 07:45:00,,,,
2025-05-16 07:55:59,33.42,2025-05-16 08:00:00,,,,
2025-05-16 08:11:00,33.74,2025-05-16 08:15:00,,,,
2025-05-16 08:26:00,32.83,2025-05-16 08:30:00,,,,
2025-05-16 08:40:59,33.79,2025-05-16 08:45:00,,,,
2025-05-16 09:11:00,32.9,2025-05-16 09:15:00,,,,
2025-05-16 09:26:00,32.94,2025-05-16 09:30:00,,,,
2025-05-16 09:41:00,33.85,2025-05-16 09:45:00,,,,
2025-05-16 09:56:00,32.37,2025-05-16 10:00:00,,,,
2025-05-16 10:11:00,33.89,2025-05-16 10:15:00,,,,
2025-05-16 10:26:00,33.46,2025-05-16 10:30:00,,,,
2025-05-16 10:41:00,39.19,2025-05-16 10:45:00,,,,
2025-05-16 10:56:01,33.35,2025-05-16 11:00:00,,,,
2025-05-16 11:11:01,33.06,2025-05-16 11:15:00,,,,
2025-05-16 11:17:00,33.06,2025-05-16 11:15:00,,,,
2025-05-16 11:26:01,33.29,2025-05-16 11:30:00,,,,
2025-05-16 11:41:01,34.49,2025-05-16 11:45:00,,,,
2025-05-16 11:56:01,33.9,2025-05-16 12:00:00,,,,
2025-05-16 12:11:01,33.83,2025-05-16 12:15:00,,,,
2025-05-16 12:26:01,33.56,2025-05-16 12:30:00,,,,
2025-05-16 12:41:02,33.64,2025-05-16 12:45:00,,,,
2025-05-16 12:56:02,33.62,2025-05-16 13:00:00,,,,
2025-05-16 13:11:02,32.63,2025-05-16 13:15:00,,,,
2025-05-16 13:26:02,32.55,2025-05-16 13:30:00,,,,
2025-05-16 13:41:02,34.75,2025-05-16 13:45:00,,,,
2025-05-16 13:56:02,33.57,2025-05-16 14:00:00,,,,
2025-05-16 14:11:02,33.53,2025-05-16 14:15:00,,,,
2025-05-16 14:26:03,32.4,2025-05-16 14:30:00,,,,
2025-05-16 14:41:03,33.59,2025-05-16 14:45:00,,,,
2025-05-16 14:56:03,33.94,2025-05-16 15:00:00,,,,
2025-05-16 15:11:03,32.81,2025-05-16 15:15:00,,,,
2025-05-16 15:26:03,33.72,2025-05-16 15:30:00,,,,
2025-05-16 15:41:03,31.97,2025-05-16 15:45:00,,,,
2025-05-16 15:56:03,33.55,2025-05-16 16:00:00,,,,
2025-05-16 16:11:04,33.31,2025-05-16 16:15:00,,,,
2025-05-16 16:26:04,33.22,2025-05-16 16:30:00,,,,
2025-05-16 16:41:03,32.62,2025-05-16 16:45:00,,,,
2025-05-16 17:11:04,33.48,2025-05-16 17:15:00,,,,
2025-05-16 17:26:03,34.65,2025-05-16 17:30:00,,,,
2025-05-16 17:41:03,34.72,2025-05-16 17:45:00,,,,
2025-05-17 06:56:05,32.78,2025-05-17 07:00:00,,,,
2025-05-17 07:11:04,31.82,2025-05-17 07:15:00,,,,
2025-05-17 07:26:04,32.22,2025-05-17 07:30:00,,,,
2025-05-17 07:41:04,32.59,2025-05-17 07:45:00,,,,
2025-05-17 07:56:05,32.92,2025-05-17 08:00:00,,,,
2025-05-17 08:11:05,34.76,2025-05-17 08:15:00,,,,
2025-05-17 08:26:05,32.35,2025-05-17 08:30:00,,,,
2025-05-17 08:41:05,33.87,2025-05-17 08:45:00,,,,
2025-05-17 08:56:01,33.44,2025-05-17 09:00:00,,,,
2025-05-17 09:11:06,31.51,2025-05-17 09:15:00,,,,
2025-05-17 09:26:06,33.86,2025-05-17 09:30:00,,,,
2025-05-17 09:41:05,33.01,2025-05-17 09:45:00,,,,
2025-05-17 10:11:05,33.24,2025-05-17 10:15:00,,,,
2025-05-17 10:26:05,33.34,2025-05-17 10:30:00,,,,
2025-05-17 10:41:05,33.23,2025-05-17 10:45:00,,,,
2025-05-17 11:11:06,32.96,2025-05-17 11:15:00,,,,
2025-05-17 11:26:05,34.0,2025-05-17 11:30:00,,,,
2025-05-17 11:41:05,34.49,2025-05-17 11:45:00,,,,
2025-05-17 12:11:05,34.76,2025-05-17 12:15:00,,,,
2025-05-17 12:26:06,33.69,2025-05-17 12:30:00,,,,
2025-05-17 12:41:06,33.02,2025-05-17 12:45:00,,,,
2025-05-17 13:11:06,35.99,2025-05-17 13:15:00,,,,
2025-05-17 13:26:07,33.52,2025-05-17 13:30:00,,,,
2025-05-17 13:41:07,33.11,2025-05-17 13:45:00,,,,
2025-05-17 13:56:06,33.44,2025-05-17 14:00:00,,,,
2025-05-17 14:11:06,33.61,2025-05-17 14:15:00,,,,
2025-05-17 14:26:06,34.28,2025-05-17 14:30:00,,,,
2025-05-17 14:41:07,33.47,2025-05-17 14:45:00,,,,
2025-05-17 15:11:07,33.8,2025-05-17 15:15:00,,,,
2025-05-17 15:26:07,33.71,2025-05-17 15:30:00,,,,
2025-05-17 15:41:07,33.77,2025-05-17 15:45:00,,,,
2025-05-17 15:56:07,33.4,2025-05-17 16:00:00,,,,
2025-05-17 16:11:07,33.07,2025-05-17 16:15:00,,,,
2025-05-17 16:26:08,33.57,2025-05-17 16:30:00,,,,
2025-05-17 16:41:08,33.1,2025-05-17 16:45:00,,,,
2025-05-17 16:56:07,33.0,2025-05-17 17:00:00,,,,
2025-05-17 17:11:07,33.37,2025-05-17 17:15:00,,,,
2025-05-17 17:26:07,33.36,2025-05-17 17:30:00,,,,
2025-05-17 17:41:07,33.64,2025-05-17 17:45:00,,,,
2025-05-18 06:56:13,33.35,2025-05-18 07:00:00,,,,
2025-05-18 07:11:13,32.14,2025-05-18 07:15:00,,,,
2025-05-18 07:26:13,32.63,2025-05-18 07:30:00,,,,
2025-05-18 07:41:14,32.17,2025-05-18 07:45:00,,,,
2025-05-18 07:56:14,33.21,2025-05-18 08:00:00,,,,
2025-05-18 08:11:14,32.05,2025-05-18 08:15:00,,,,
2025-05-18 08:26:14,33.43,2025-05-18 08:30:00,,,,
2025-05-18 08:41:14,31.77,2025-05-18 08:45:00,,,,
2025-05-18 08:56:14,33.28,2025-05-18 09:00:00,,,,
2025-05-18 09:11:14,33.42,2025-05-18 09:15:00,,,,
2025-05-18 09:26:14,34.32,2025-05-18 09:30:00,,,,
2025-05-18 09:41:15,33.21,2025-05-18 09:45:00,,,,
2025-05-18 09:56:15,33.38,2025-05-18 10:00:00,,,,
2025-05-18 10:11:14,38.04,2025-05-18 10:15:00,,,,
2025-05-18 10:21:26,38.04,2025-05-18 10:15:00,,,,
2025-05-18 10:26:14,34.49,2025-05-18 10:30:00,,,,
2025-05-18 10:41:14,33.97,2025-05-18 10:45:00,,,,
2025-05-18 11:11:14,35.11,2025-05-18 11:15:00,,,,
2025-05-18 11:26:15,35.26,2025-05-18 11:30:00,,,,
2025-05-18 11:41:15,34.03,2025-05-18 11:45:00,,,,
2025-05-18 12:11:14,37.09,2025-05-18 12:15:00,,,,
2025-05-18 12:26:14,35.03,2025-05-18 12:30:00,,,,
2025-05-18 12:41:14,34.31,2025-05-18 12:45:00,,,,
2025-05-18 13:11:14,34.96,2025-05-18 13:15:00,,,,
2025-05-18 13:26:14,34.48,2025-05-18 13:30:00,,,,
2025-05-18 13:41:15,34.53,2025-05-18 13:45:00,,,,
2025-05-18 14:11:15,34.63,2025-05-18 14:15:00,,,,
2025-05-18 14:26:15,35.05,2025-05-18 14:30:00,,,,
2025-05-18 14:41:16,33.73,2025-05-18 14:45:00,,,,
2025-05-18 14:56:16,33.68,2025-05-18 15:00:00,,,,
2025-05-18 15:11:15,34.58,2025-05-18 15:15:00,,,,
2025-05-18 15:26:15,34.42,2025-05-18 15:30:00,,,,
2025-05-18 15:41:15,35.17,2025-05-18 15:45:00,,,,
2025-05-18 16:11:16,35.09,2025-05-18 16:15:00,,,,
2025-05-18 16:26:15,34.0,2025-05-18 16:30:00,,,,
2025-05-18 16:41:15,34.68,2025-05-18 16:45:00,,,,
2025-05-18 17:11:15,33.22,2025-05-18 17:15:00,,,,
2025-05-18 17:26:15,33.96,2025-05-18 17:30:00,,,,
2025-05-18 17:41:15,36.21,2025-05-18 17:45:00,,,,
2025-05-19 06:56:18,31.62,2025-05-19 07:00:00,,,,
2025-05-19 07:11:17,32.33,2025-05-19 07:15:00,,,,
2025-05-19 07:26:17,31.75,2025-05-19 07:30:00,,,,
2025-05-19 07:41:17,32.58,2025-05-19 07:45:00,,,,
2025-05-19 07:56:17,32.95,2025-05-19 08:00:00,,,,
2025-05-19 08:11:18,31.73,2025-05-19 08:15:00,,,,
2025-05-19 08:26:18,32.78,2025-05-19 08:30:00,,,,
2025-05-19 08:41:17,32.09,2025-05-19 08:45:00,,,,
2025-05-19 08:56:17,31.95,2025-05-19 09:00:00,,,,
2025-05-19 09:11:17,33.0,2025-05-19 09:15:00,,,,
2025-05-19 09:26:17,32.87,2025-05-19 09:30:00,,,,
2025-05-19 09:41:17,34.43,2025-05-19 09:45:00,,,,
2025-05-19 09:56:18,33.82,2025-05-19 10:00:00,,,,
2025-05-19 10:11:18,32.66,2025-05-19 10:15:00,,,,
2025-05-19 10:26:17,33.29,2025-05-19 10:30:00,,,,
2025-05-19 10:41:17,33.22,2025-05-19 10:45:00,,,,
2025-05-19 10:56:17,33.43,2025-05-19 11:00:00,,,,
2025-05-19 11:11:17,33.8,2025-05-19 11:15:00,,,,
2025-05-19 11:26:18,33.13,2025-05-19 11:30:00,,,,
2025-05-19 11:41:18,33.8,2025-05-19 11:45:00,,,,
2025-05-19 11:56:18,33.55,2025-05-19 12:00:00,,,,
2025-05-19 12:11:18,32.91,2025-05-19 12:15:00,,,,
2025-05-19 12:26:18,34.95,2025-05-19 12:30:00,,,,
2025-05-19 12:41:18,34.21,2025-05-19 12:45:00,,,,
2025-05-19 12:56:18,33.75,2025-05-19 13:00:00,,,,
2025-05-19 13:11:18,33.43,2025-05-19 13:15:00,,,,
2025-05-19 13:26:19,34.36,2025-05-19 13:30:00,,,,
2025-05-19 13:41:19,33.64,2025-05-19 13:45:00,,,,
2025-05-19 14:11:18,33.8,2025-05-19 14:15:00,,,,
2025-05-19 14:26:18,33.78,2025-05-19 14:30:00,,,,
2025-05-19 14:41:18,33.56,2025-05-19 14:45:00,,,,
2025-05-19 14:56:18,32.49,2025-05-19 15:00:00,,,,
2025-05-19 15:11:19,33.4,2025-05-19 15:15:00,,,,
2025-05-19 15:26:18,32.78,2025-05-19 15:30:00,,,,
2025-05-19 15:41:18,33.3,2025-05-19 15:45:00,,,,
2025-05-19 15:56:18,33.72,2025-05-19 16:00:00,,,,
2025-05-19 16:11:19,33.64,2025-05-19 16:15:00,,,,
2025-05-19 16:26:19,32.98,2025-05-19 16:30:00,,,,
2025-05-19 16:41:19,32.33,2025-05-19 16:45:00,,,,
2025-05-19 16:56:18,33.95,2025-05-19 17:00:00,,,,
2025-05-19 17:11:18,34.08,2025-05-19 17:15:00,,,,
2025-05-19 17:26:18,32.99,2025-05-19 17:30:00,,,,
2025-05-19 17:41:18,32.93,2025-05-19 17:45:00,,,,
2025-05-20 06:56:20,30.05,2025-05-20 07:00:00,,,,
2025-05-20 07:11:20,29.69,2025-05-20 07:15:00,,,,
2025-05-20 07:26:20,30.92,2025-05-20 07:30:00,,,,
2025-05-20 07:41:19,29.85,2025-05-20 07:45:00,,,,
2025-05-20 07:56:19,31.06,2025-05-20 08:00:00,,,,
2025-05-20 08:11:19,31.02,2025-05-20 08:15:00,,,,
2025-05-20 08:26:19,30.02,2025-05-20 08:30:00,,,,
2025-05-20 08:41:20,30.07,2025-05-20 08:45:00,,,,
2025-05-20 08:56:20,30.95,2025-05-20 09:00:00,,,,
2025-05-20 09:11:20,31.22,2025-05-20 09:15:00,,,,
2025-05-20 09:26:19,31.28,2025-05-20 09:30:00,,,,
2025-05-20 09:41:19,30.31,2025-05-20 09:45:00,,,,
2025-05-20 09:56:19,30.32,2025-05-20 10:00:00,,,,
2025-05-20 10:11:20,30.12,2025-05-20 10:15:00,,,,
2025-05-20 10:26:20,30.19,2025-05-20 10:30:00,,,,
2025-05-20 10:41:19,31.0,2025-05-20 10:45:00,,,,
2025-05-20 10:56:19,29.87,2025-05-20 11:00:00,,,,
2025-05-20 11:11:19,31.62,2025-05-20 11:15:00,,,,
2025-05-20 11:26:19,30.41,2025-05-20 11:30:00,,,,
2025-05-20 11:41:20,30.34,2025-05-20 11:45:00,,,,
2025-05-20 11:56:20,30.09,2025-05-20 12:00:00,,,,
2025-05-20 12:11:07,31.38,2025-05-20 12:15:00,,,,
2025-05-20 12:11:20,31.38,2025-05-20 12:15:00,,,,
2025-05-20 12:26:19,30.02,2025-05-20 12:30:00,,,,
2025-05-20 12:41:19,31.39,2025-05-20 12:45:00,,,,
2025-05-20 12:56:19,32.76,2025-05-20 13:00:00,,,,
2025-05-20 13:11:19,30.56,2025-05-20 13:15:00,,,,
2025-05-20 13:26:19,30.35,2025-05-20 13:30:00,,,,
2025-05-20 13:41:20,31.41,2025-05-20 13:45:00,,,,
2025-05-20 13:56:21,30.32,2025-05-20 14:00:00,,,,
2025-05-20 14:11:21,31.27,2025-05-20 14:15:00,,,,
2025-05-20 14:26:21,30.53,2025-05-20 14:30:00,,,,
2025-05-20 14:41:21,29.22,2025-05-20 14:45:00,,,,
2025-05-20 14:56:21,30.87,2025-05-20 15:00:00,,,,
2025-05-20 15:11:22,31.61,2025-05-20 15:15:00,,,,
2025-05-20 15:26:22,31.56,2025-05-20 15:30:00,,,,
2025-05-20 15:41:21,30.86,2025-05-20 15:45:00,,,,
2025-05-20 15:56:21,31.14,2025-05-20 16:00:00,,,,
2025-05-20 16:11:21,31.68,2025-05-20 16:15:00,,,,
2025-05-20 16:26:22,29.97,2025-05-20 16:30:00,,,,
2025-05-20 16:41:22,30.47,2025-05-20 16:45:00,,,,
2025-05-20 16:56:21,31.7,2025-05-20 17:00:00,,,,
2025-05-20 17:11:22,30.97,2025-05-20 17:15:00,,,,
2025-05-20 17:26:21,32.3,2025-05-20 17:30:00,,,,
2025-05-20 17:41:21,31.18,2025-05-20 17:45:00,,,,
2025-05-21 06:56:24,29.14,2025-05-21 07:00:00,,,,
2025-05-21 07:11:24,29.31,2025-05-21 07:15:00,,,,
2025-05-21 07:21:56,29.31,2025-05-21 07:15:00,,,,
2025-05-21 07:26:23,29.1,2025-05-21 07:30:00,,,,
2025-05-21 07:41:23,27.8,2025-05-21 07:45:00,,,,
2025-05-21 07:56:23,29.31,2025-05-21 08:00:00,,,,
2025-05-21 08:11:23,28.98,2025-05-21 08:15:00,,,,
2025-05-21 08:26:24,28.54,2025-05-21 08:30:00,,,,
2025-05-21 08:41:23,28.92,2025-05-21 08:45:00,,,,
2025-05-21 08:56:23,28.56,2025-05-21 09:00:00,,,,
2025-05-21 09:09:41,29.55,2025-05-21 09:15:00,,,,
2025-05-21 09:10:11,29.55,2025-05-21 09:15:00,,,,
2025-05-21 09:11:23,29.55,2025-05-21 09:15:00,,,,
2025-05-21 09:26:24,29.86,2025-05-21 09:30:00,,,,
2025-05-21 09:40:11,28.47,2025-05-21 09:45:00,,,,
2025-05-21 09:41:24,28.47,2025-05-21 09:45:00,,,,
2025-05-21 09:56:24,30.4,2025-05-21 10:00:00,,,,
2025-05-21 10:11:23,30.23,2025-05-21 10:15:00,,,,
2025-05-21 10:15:23,30.23,2025-05-21 10:15:00,,,,
2025-05-21 10:26:23,28.74,2025-05-21 10:30:00,,,,
2025-05-21 10:41:23,29.41,2025-05-21 10:45:00,,,,
2025-05-21 10:56:23,27.86,2025-05-21 11:00:00,,,,
2025-05-21 11:11:23,29.13,2025-05-21 11:15:00,,,,
2025-05-21 11:26:24,29.73,2025-05-21 11:30:00,,,,
2025-05-21 11:41:24,28.94,2025-05-21 11:45:00,,,,
2025-05-21 11:56:23,29.17,2025-05-21 12:00:00,,,,
2025-05-21 12:11:23,29.8,2025-05-21 12:15:00,,,,
2025-05-21 12:26:23,30.36,2025-05-21 12:30:00,,,,
2025-05-21 12:41:23,31.76,2025-05-21 12:45:00,,,,
2025-05-21 12:56:24,27.81,2025-05-21 13:00:00,,,,
2025-05-21 13:11:23,30.55,2025-05-21 13:15:00,,,,
2025-05-21 13:26:23,30.92,2025-05-21 13:30:00,,,,
2025-05-21 13:41:23,30.4,2025-05-21 13:45:00,,,,
2025-05-21 13:56:24,30.1,2025-05-21 14:00:00,,,,
2025-05-21 14:11:24,28.85,2025-05-21 14:15:00,,,,
2025-05-21 14:26:23,28.36,2025-05-21 14:30:00,,,,
2025-05-21 14:41:23,29.16,2025-05-21 14:45:00,,,,
2025-05-21 14:56:23,29.63,2025-05-21 15:00:00,,,,
2025-05-21 15:11:23,30.22,2025-05-21 15:15:00,,,,
2025-05-21 15:26:24,29.4,2025-05-21 15:30:00,,,,
2025-05-21 15:41:24,29.02,2025-05-21 15:45:00,,,,
2025-05-21 15:56:23,29.62,2025-05-21 16:00:00,,,,
2025-05-21 16:11:23,28.61,2025-05-21 16:15:00,,,,
2025-05-21 16:26:23,29.29,2025-05-21 16:30:00,,,,
2025-05-21 16:41:23,29.75,2025-05-21 16:45:00,,,,
2025-05-21 16:56:24,29.4,2025-05-21 17:00:00,,,,
2025-05-21 17:11:24,29.45,2025-05-21 17:15:00,,,,
2025-05-21 17:26:24,30.36,2025-05-21 17:30:00,,,,
2025-05-21 17:41:23,29.47,2025-05-21 17:45:00,,,,
2025-05-22 06:56:24,27.76,2025-05-22 07:00:00,,,,
2025-05-22 07:11:24,28.2,2025-05-22 07:15:00,,,,
2025-05-22 07:26:25,28.75,2025-05-22 07:30:00,,,,
2025-05-22 07:41:25,28.24,2025-05-22 07:45:00,,,,
2025-05-22 07:56:24,27.39,2025-05-22 08:00:00,,,,
2025-05-22 08:11:24,28.44,2025-05-22 08:15:00,,,,
2025-05-22 08:26:24,28.49,2025-05-22 08:30:00,,,,
2025-05-22 08:41:25,29.22,2025-05-22 08:45:00,,,,
2025-05-22 08:56:25,28.07,2025-05-22 09:00:00,,,,
2025-05-22 09:11:24,27.44,2025-05-22 09:15:00,,,,
2025-05-22 09:26:25,28.78,2025-05-22 09:30:00,,,,
2025-05-22 09:41:25,28.35,2025-05-22 09:45:00,,,,
2025-05-22 09:56:25,28.05,2025-05-22 10:00:00,,,,
2025-05-22 10:11:25,27.87,2025-05-22 10:15:00,,,,
2025-05-22 10:26:25,27.63,2025-05-22 10:30:00,,,,
2025-05-22 10:41:25,29.76,2025-05-22 10:45:00,,,,
2025-05-22 10:56:26,29.02,2025-05-22 11:00:00,,,,
2025-05-22 11:11:26,28.26,2025-05-22 11:15:00,,,,
2025-05-22 11:26:26,27.88,2025-05-22 11:30:00,,,,
2025-05-22 11:41:26,27.91,2025-05-22 11:45:00,,,,
2025-05-22 11:56:26,28.92,2025-05-22 12:00:00,,,,
2025-05-22 12:11:26,29.33,2025-05-22 12:15:00,,,,
2025-05-22 12:26:26,29.08,2025-05-22 12:30:00,,,,
2025-05-22 12:41:27,30.96,2025-05-22 12:45:00,,,,
2025-05-22 12:56:27,28.19,2025-05-22 13:00:00,,,,
2025-05-22 13:11:26,27.88,2025-05-22 13:15:00,,,,
2025-05-22 15:41:27,32.49,2025-05-22 15:45:00,,,,
2025-05-22 16:11:26,34.59,2025-05-22 16:15:00,,,,
2025-05-22 16:26:27,32.37,2025-05-22 16:30:00,,,,
2025-05-22 16:41:27,32.25,2025-05-22 16:45:00,,,,
2025-05-22 17:11:27,34.34,2025-05-22 17:15:00,,,,
2025-05-22 17:13:44,34.34,2025-05-22 17:15:00,,,,
2025-05-22 17:15:08,34.34,2025-05-22 17:15:00,,,,
2025-05-22 17:15:46,34.34,2025-05-22 17:15:00,,,,
2025-05-22 17:16:03,34.34,2025-05-22 17:15:00,,,,
2025-05-22 17:18:53,34.34,2025-05-22 17:15:00,,,,
2025-05-22 17:19:16,34.34,2025-05-22 17:15:00,,,,
2025-05-22 17:26:28,33.82,2025-05-22 17:30:00,,,,
2025-05-22 17:41:28,31.67,2025-05-22 17:45:00,,,,
2025-05-22 17:51:39,31.67,2025-05-22 17:45:00,,,,
2025-05-23 06:56:30,32.48,2025-05-23 07:00:00,,,,
2025-05-23 07:11:30,31.83,2025-05-23 07:15:00,,,,
2025-05-23 07:26:31,31.91,2025-05-23 07:30:00,,,,
2025-05-23 07:41:31,31.73,2025-05-23 07:45:00,,,,
2025-05-23 07:56:31,31.42,2025-05-23 08:00:00,,,,
2025-05-23 08:11:31,33.25,2025-05-23 08:15:00,,,,
2025-05-23 08:26:31,31.34,2025-05-23 08:30:00,,,,
2025-05-23 08:41:31,31.49,2025-05-23 08:45:00,,,,
2025-05-23 08:56:31,31.43,2025-05-23 09:00:00,,,,
2025-05-23 09:11:32,31.46,2025-05-23 09:15:00,,,,
2025-05-23 09:26:32,31.97,2025-05-23 09:30:00,,,,
2025-05-23 09:41:32,31.04,2025-05-23 09:45:00,,,,
2025-05-23 09:56:32,32.05,2025-05-23 10:00:00,,,,
2025-05-23 10:11:32,30.88,2025-05-23 10:15:00,,,,
2025-05-23 10:26:33,33.2,2025-05-23 10:30:00,,,,
2025-05-23 10:41:33,30.56,2025-05-23 10:45:00,,,,
2025-05-23 10:56:32,30.58,2025-05-23 11:00:00,,,,
2025-05-23 11:11:32,31.16,2025-05-23 11:15:00,,,,
2025-05-23 11:26:32,30.8,2025-05-23 11:30:00,,,,
2025-05-23 11:41:32,31.02,2025-05-23 11:45:00,,,,
2025-05-23 11:56:33,31.75,2025-05-23 12:00:00,,,,
2025-05-23 12:11:33,32.81,2025-05-23 12:15:00,,,,
2025-05-23 12:26:33,32.11,2025-05-23 12:30:00,,,,
2025-05-23 12:41:32,31.49,2025-05-23 12:45:00,,,,
2025-05-23 12:56:32,32.41,2025-05-23 13:00:00,,,,
2025-05-23 12:57:51,32.41,2025-05-23 13:00:00,,,,
2025-05-23 13:11:32,31.96,2025-05-23 13:15:00,,,,
2025-05-23 13:26:32,31.57,2025-05-23 13:30:00,,,,
2025-05-23 13:41:33,32.42,2025-05-23 13:45:00,,,,
2025-05-23 13:56:33,31.51,2025-05-23 14:00:00,,,,
2025-05-23 14:11:32,33.6,2025-05-23 14:15:00,,,,
2025-05-23 14:26:32,32.59,2025-05-23 14:30:00,,,,
2025-05-23 14:41:32,32.38,2025-05-23 14:45:00,,,,
2025-05-23 14:56:32,33.23,2025-05-23 15:00:00,,,,
2025-05-23 15:11:33,33.02,2025-05-23 15:15:00,,,,
2025-05-23 15:26:32,32.33,2025-05-23 15:30:00,,,,
2025-05-23 15:41:32,31.8,2025-05-23 15:45:00,,,,
2025-05-23 15:56:32,31.48,2025-05-23 16:00:00,,,,
2025-05-23 16:11:32,31.81,2025-05-23 16:15:00,,,,
2025-05-23 16:14:56,31.81,2025-05-23 16:15:00,,,,
2025-05-23 16:26:33,31.04,2025-05-23 16:30:00,,,,
2025-05-23 16:41:33,32.37,2025-05-23 16:45:00,,,,
2025-05-23 16:56:32,31.84,2025-05-23 17:00:00,,,,
2025-05-23 17:11:32,32.33,2025-05-23 17:15:00,,,,
2025-05-23 17:26:32,32.41,2025-05-23 17:30:00,,,,
2025-05-23 17:41:32,32.35,2025-05-23 17:45:00,,,,
2025-05-24 06:56:34,31.39,2025-05-24 07:00:00,,,,
2025-05-24 07:11:34,31.73,2025-05-24 07:15:00,,,,
2025-05-24 07:26:34,33.18,2025-05-24 07:30:00,,,,
2025-05-24 07:41:35,32.48,2025-05-24 07:45:00,,,,
2025-05-24 07:56:34,31.34,2025-05-24 08:00:00,,,,
2025-05-24 08:11:34,31.47,2025-05-24 08:15:00,,,,
2025-05-24 08:17:33,31.47,2025-05-24 08:15:00,,,,
2025-05-24 08:26:34,30.68,2025-05-24 08:30:00,,,,
2025-05-24 08:41:34,31.24,2025-05-24 08:45:00,,,,
2025-05-24 08:56:35,32.17,2025-05-24 09:00:00,,,,
2025-05-24 09:11:35,32.76,2025-05-24 09:15:00,,,,
2025-05-24 09:26:34,31.95,2025-05-24 09:30:00,,,,
2025-05-24 09:41:34,32.38,2025-05-24 09:45:00,,,,
2025-05-24 09:56:34,30.4,2025-05-24 10:00:00,,,,
2025-05-24 10:11:35,32.63,2025-05-24 10:15:00,,,,
2025-05-24 10:26:34,31.98,2025-05-24 10:30:00,,,,
2025-05-24 10:41:34,32.17,2025-05-24 10:45:00,,,,
2025-05-24 10:56:34,31.61,2025-05-24 11:00:00,,,,
2025-05-24 11:11:34,33.33,2025-05-24 11:15:00,,,,
2025-05-24 11:26:35,35.71,2025-05-24 11:30:00,,,,
2025-05-24 11:41:35,33.21,2025-05-24 11:45:00,,,,
2025-05-24 11:56:34,31.53,2025-05-24 12:00:00,,,,
2025-05-24 12:11:34,32.45,2025-05-24 12:15:00,,,,
2025-05-24 12:26:34,32.53,2025-05-24 12:30:00,,,,
2025-05-24 12:41:34,32.08,2025-05-24 12:45:00,,,,
2025-05-24 12:56:35,33.72,2025-05-24 13:00:00,,,,
2025-05-24 13:11:34,31.72,2025-05-24 13:15:00,,,,
2025-05-24 13:26:34,35.52,2025-05-24 13:30:00,,,,
2025-05-24 13:41:35,32.4,2025-05-24 13:45:00,,,,
2025-05-24 13:56:34,32.96,2025-05-24 14:00:00,,,,
2025-05-24 14:11:34,31.56,2025-05-24 14:15:00,,,,
2025-05-24 14:26:34,32.18,2025-05-24 14:30:00,,,,
2025-05-24 14:41:34,31.5,2025-05-24 14:45:00,,,,
2025-05-24 14:56:35,31.76,2025-05-24 15:00:00,,,,
2025-05-24 15:11:35,34.19,2025-05-24 15:15:00,,,,
2025-05-24 15:26:35,32.44,2025-05-24 15:30:00,,,,
2025-05-24 15:40:13,33.99,2025-05-24 15:45:00,,,,
2025-05-24 15:41:35,33.99,2025-05-24 15:45:00,,,,
2025-05-24 15:56:35,33.07,2025-05-24 16:00:00,,,,
2025-05-24 16:11:36,31.89,2025-05-24 16:15:00,,,,
2025-05-24 16:26:36,32.52,2025-05-24 16:30:00,,,,
2025-05-24 16:41:35,31.83,2025-05-24 16:45:00,,,,
2025-05-24 16:56:35,32.28,2025-05-24 17:00:00,,,,
2025-05-24 17:11:35,34.18,2025-05-24 17:15:00,,,,
2025-05-24 17:26:36,31.67,2025-05-24 17:30:00,,,,
2025-05-24 17:41:36,32.02,2025-05-24 17:45:00,,,,
2025-05-25 06:56:39,32.24,2025-05-25 07:00:00,,,,
2025-05-25 07:11:39,32.95,2025-05-25 07:15:00,,,,
2025-05-25 07:26:39,30.72,2025-05-25 07:30:00,,,,
2025-05-25 07:41:40,33.0,2025-05-25 07:45:00,,,,
2025-05-25 07:56:40,32.49,2025-05-25 08:00:00,,,,
2025-05-25 08:11:39,31.73,2025-05-25 08:15:00,,,,
2025-05-25 08:26:39,32.23,2025-05-25 08:30:00,,,,
2025-05-25 08:41:39,32.68,2025-05-25 08:45:00,,,,
2025-05-25 08:56:40,31.43,2025-05-25 09:00:00,,,,
2025-05-25 09:11:40,31.36,2025-05-25 09:15:00,,,,
2025-05-25 09:20:53,31.36,2025-05-25 09:15:00,,,,
2025-05-25 09:26:40,31.15,2025-05-25 09:30:00,,,,
2025-05-25 09:41:40,31.82,2025-05-25 09:45:00,,,,
2025-05-25 09:56:40,30.91,2025-05-25 10:00:00,,,,
2025-05-25 10:11:40,31.33,2025-05-25 10:15:00,,,,
2025-05-25 10:26:40,31.9,2025-05-25 10:30:00,,,,
2025-05-25 10:41:41,31.65,2025-05-25 10:45:00,,,,
2025-05-25 10:56:41,31.92,2025-05-25 11:00:00,,,,
2025-05-25 11:11:41,31.0,2025-05-25 11:15:00,,,,
2025-05-25 11:26:41,32.12,2025-05-25 11:30:00,,,,
2025-05-25 11:41:41,32.01,2025-05-25 11:45:00,,,,
2025-05-25 11:56:41,31.13,2025-05-25 12:00:00,,,,
2025-05-25 12:11:41,31.95,2025-05-25 12:15:00,,,,
2025-05-25 12:26:42,31.69,2025-05-25 12:30:00,,,,
2025-05-25 12:41:42,32.63,2025-05-25 12:45:00,,,,
2025-05-25 12:56:41,33.11,2025-05-25 13:00:00,,,,
2025-05-25 13:11:42,32.84,2025-05-25 13:15:00,,,,
2025-05-25 13:26:41,32.61,2025-05-25 13:30:00,,,,
2025-05-25 13:41:41,33.35,2025-05-25 13:45:00,,,,
2025-05-25 13:56:41,33.06,2025-05-25 14:00:00,,,,
2025-05-25 14:11:41,32.6,2025-05-25 14:15:00,,,,
2025-05-25 14:26:42,39.14,2025-05-25 14:30:00,,,,
2025-05-25 14:41:42,32.71,2025-05-25 14:45:00,,,,
2025-05-25 14:56:41,33.4,2025-05-25 15:00:00,,,,
2025-05-25 15:11:41,32.34,2025-05-25 15:15:00,,,,
2025-05-25 15:26:41,32.63,2025-05-25 15:30:00,,,,
2025-05-25 15:41:41,32.73,2025-05-25 15:45:00,,,,
2025-05-25 15:56:42,32.32,2025-05-25 16:00:00,,,,
2025-05-25 16:11:42,32.55,2025-05-25 16:15:00,,,,
2025-05-25 16:26:41,32.25,2025-05-25 16:30:00,,,,
2025-05-25 16:41:41,32.0,2025-05-25 16:45:00,,,,
2025-05-25 16:56:42,32.44,2025-05-25 17:00:00,,,,
2025-05-25 17:11:41,31.9,2025-05-25 17:15:00,,,,
2025-05-25 17:26:42,33.05,2025-05-25 17:30:00,,,,
2025-05-25 17:41:42,32.36,2025-05-25 17:45:00,,,,
2025-05-26 06:56:46,30.99,2025-05-26 07:00:00,,,,
2025-05-26 07:11:47,31.58,2025-05-26 07:15:00,,,,
2025-05-26 07:26:47,31.17,2025-05-26 07:30:00,,,,
2025-05-26 07:41:46,31.98,2025-05-26 07:45:00,,,,
2025-05-26 07:56:46,30.31,2025-05-26 08:00:00,,,,
2025-05-26 08:11:47,29.87,2025-05-26 08:15:00,,,,
2025-05-26 08:26:47,32.71,2025-05-26 08:30:00,,,,
2025-05-26 08:41:46,30.45,2025-05-26 08:45:00,,,,
2025-05-26 08:56:46,32.14,2025-05-26 09:00:00,,,,
2025-05-26 09:11:46,31.23,2025-05-26 09:15:00,,,,
2025-05-26 09:26:46,32.09,2025-05-26 09:30:00,,,,
2025-05-26 09:41:47,31.91,2025-05-26 09:45:00,,,,
2025-05-26 09:56:47,32.2,2025-05-26 10:00:00,,,,
2025-05-26 10:11:46,32.01,2025-05-26 10:15:00,,,,
2025-05-26 10:26:46,30.55,2025-05-26 10:30:00,,,,
2025-05-26 10:41:46,30.84,2025-05-26 10:45:00,,,,
2025-05-26 10:56:47,30.92,2025-05-26 11:00:00,,,,
2025-05-26 11:11:47,30.42,2025-05-26 11:15:00,,,,
2025-05-26 11:26:47,31.34,2025-05-26 11:30:00,,,,
2025-05-26 11:41:47,30.92,2025-05-26 11:45:00,,,,
2025-05-26 11:47:37,30.92,2025-05-26 11:45:00,,,,
2025-05-26 11:51:08,30.92,2025-05-26 11:45:00,,,,
2025-05-26 11:56:47,31.65,2025-05-26 12:00:00,,,,
2025-05-26 12:11:47,32.23,2025-05-26 12:15:00,,,,
2025-05-26 12:19:21,32.23,2025-05-26 12:15:00,,,,
2025-05-26 12:21:08,32.23,2025-05-26 12:15:00,,,,
2025-05-26 12:26:47,31.24,2025-05-26 12:30:00,,,,
2025-05-26 12:41:47,29.64,2025-05-26 12:45:00,,,,
2025-05-26 12:56:47,32.98,2025-05-26 13:00:00,,,,
2025-05-26 13:11:47,31.36,2025-05-26 13:15:00,,,,
2025-05-26 13:26:47,31.27,2025-05-26 13:30:00,,,,
2025-05-26 13:41:47,30.78,2025-05-26 13:45:00,,,,
2025-05-26 13:56:48,29.69,2025-05-26 14:00:00,,,,
2025-05-26 14:11:48,32.1,2025-05-26 14:15:00,,,,
2025-05-26 14:14:37,32.1,2025-05-26 14:15:00,,,,
2025-05-26 14:26:48,31.02,2025-05-26 14:30:00,,,,
2025-05-26 14:41:47,32.64,2025-05-26 14:45:00,,,,
2025-05-26 14:56:47,29.87,2025-05-26 15:00:00,,,,
2025-05-26 15:11:48,29.81,2025-05-26 15:15:00,,,,
2025-05-26 15:26:48,32.44,2025-05-26 15:30:00,,,,
2025-05-26 15:41:47,30.79,2025-05-26 15:45:00,,,,
2025-05-26 15:56:47,30.37,2025-05-26 16:00:00,,,,
2025-05-26 16:11:47,32.15,2025-05-26 16:15:00,,,,
2025-05-26 16:26:47,30.63,2025-05-26 16:30:00,,,,
2025-05-26 16:41:48,30.41,2025-05-26 16:45:00,,,,
2025-05-26 16:56:48,32.04,2025-05-26 17:00:00,,,,
2025-05-26 17:11:49,32.03,2025-05-26 17:15:00,,,,
2025-05-26 17:26:49,31.0,2025-05-26 17:30:00,,,,
2025-05-26 17:41:48,31.88,2025-05-26 17:45:00,,,,
2025-05-27 07:11:51,33.22,2025-05-27 07:15:00,,,,
2025-05-27 07:26:51,34.19,2025-05-27 07:30:00,,,,
2025-05-27 07:41:50,33.3,2025-05-27 07:45:00,,,,
2025-05-27 07:56:50,33.13,2025-05-27 08:00:00,,,,
2025-05-27 08:11:50,33.21,2025-05-27 08:15:00,,,,
2025-05-27 08:26:51,31.27,2025-05-27 08:30:00,,,,
2025-05-27 08:41:51,33.6,2025-05-27 08:45:00,,,,
2025-05-27 08:56:50,31.99,2025-05-27 09:00:00,,,,
2025-05-27 09:11:51,32.48,2025-05-27 09:15:00,,,,
2025-05-27 09:26:50,29.99,2025-05-27 09:30:00,,,,
2025-05-27 09:41:50,32.84,2025-05-27 09:45:00,,,,
2025-05-27 09:56:50,30.83,2025-05-27 10:00:00,,,,
2025-05-27 10:11:50,31.84,2025-05-27 10:15:00,,,,
2025-05-27 10:26:51,32.48,2025-05-27 10:30:00,,,,
2025-05-27 10:41:51,33.0,2025-05-27 10:45:00,,,,
2025-05-27 11:11:50,33.05,2025-05-27 11:15:00,,,,
2025-05-27 11:26:50,36.43,2025-05-27 11:30:00,,,,
2025-05-27 11:41:50,31.77,2025-05-27 11:45:00,,,,
2025-05-27 12:11:51,33.71,2025-05-27 12:15:00,,,,
2025-05-27 12:26:51,33.89,2025-05-27 12:30:00,,,,
2025-05-27 12:40:29,32.3,2025-05-27 12:45:00,,,,
2025-05-27 12:41:51,32.3,2025-05-27 12:45:00,,,,
2025-05-27 12:56:50,32.34,2025-05-27 13:00:00,,,,
2025-05-27 13:11:50,32.7,2025-05-27 13:15:00,,,,
2025-05-27 13:26:50,33.36,2025-05-27 13:30:00,,,,
2025-05-27 13:34:11,33.36,2025-05-27 13:30:00,,,,
2025-05-27 13:41:50,32.06,2025-05-27 13:45:00,,,,
2025-05-27 13:56:51,33.23,2025-05-27 14:00:00,,,,
2025-05-27 14:11:51,32.64,2025-05-27 14:15:00,,,,
2025-05-27 14:26:51,30.98,2025-05-27 14:30:00,,,,
2025-05-27 14:41:51,40.85,2025-05-27 14:45:00,,,,
2025-05-27 15:11:52,33.26,2025-05-27 15:15:00,,,,
2025-05-27 15:26:52,31.68,2025-05-27 15:30:00,,,,
2025-05-27 15:41:52,33.3,2025-05-27 15:45:00,,,,
2025-05-27 15:56:52,32.32,2025-05-27 16:00:00,,,,
2025-05-27 15:59:30,32.32,2025-05-27 16:00:00,,,,
2025-05-27 15:59:48,32.32,2025-05-27 16:00:00,,,,
2025-05-27 16:11:52,35.05,2025-05-27 16:15:00,,,,
2025-05-27 16:26:52,35.06,2025-05-27 16:30:00,,,,
2025-05-27 16:41:52,35.2,2025-05-27 16:45:00,,,,
2025-05-27 17:11:52,34.62,2025-05-27 17:15:00,,,,
2025-05-27 17:26:52,32.98,2025-05-27 17:30:00,,,,
2025-05-27 17:41:52,31.87,2025-05-27 17:45:00,,,,
2025-05-28 07:11:56,33.86,2025-05-28 07:15:00,,,,
2025-05-28 07:26:56,33.74,2025-05-28 07:30:00,,,,
2025-05-28 07:41:57,34.06,2025-05-28 07:45:00,,,,
2025-05-28 08:11:56,35.07,2025-05-28 08:15:00,,,,
2025-05-28 08:26:56,37.57,2025-05-28 08:30:00,,,,
2025-05-28 08:41:56,36.76,2025-05-28 08:45:00,,,,
2025-05-28 09:11:56,35.3,2025-05-28 09:15:00,,,,
2025-05-28 09:26:56,35.97,2025-05-28 09:30:00,,,,
2025-05-28 09:41:56,36.42,2025-05-28 09:45:00,,,,
2025-05-28 10:11:57,38.16,2025-05-28 10:15:00,,,,
2025-05-28 10:26:56,43.03,2025-05-28 10:30:00,,,,
2025-05-28 10:41:56,39.6,2025-05-28 10:45:00,,,,
2025-05-28 11:11:57,39.31,2025-05-28 11:15:00,,,,
2025-05-28 11:26:57,39.27,2025-05-28 11:30:00,,,,
2025-05-28 11:41:56,36.35,2025-05-28 11:45:00,,,,
2025-05-28 12:11:56,42.94,2025-05-28 12:15:00,,,,
2025-05-28 12:26:56,39.22,2025-05-28 12:30:00,,,,
2025-05-28 12:41:56,40.89,2025-05-28 12:45:00,,,,
2025-05-28 13:11:56,49.34,2025-05-28 13:15:00,,,,
2025-05-28 13:26:56,40.75,2025-05-28 13:30:00,2025-05-28 13:35:11,0.01,in,A
2025-05-28 13:26:56,40.75,2025-05-28 13:30:00,2025-05-28 13:35:11,0.01,in,A
2025-05-28 13:26:56,40.75,2025-05-28 13:30:00,2025-05-28 13:35:11,0.01,in,A
2025-05-28 13:26:56,40.75,2025-05-28 13:30:00,2025-05-28 13:35:11,0.01,in,A
2025-05-28 13:26:56,40.75,2025-05-28 13:30:00,2025-05-28 13:35:11,0.01,in,A
2025-05-28 13:26:56,40.75,2025-05-28 13:30:00,2025-05-28 13:35:11,0.01,in,A
2025-05-28 13:26:56,40.75,2025-05-28 13:30:00,2025-05-28 13:35:11,0.01,in,A
2025-05-28 13:26:56,40.75,2025-05-28 13:30:00,2025-05-28 13:35:11,0.01,in,A
2025-05-28 13:26:56,40.75,2025-05-28 13:30:00,2025-05-28 13:35:11,0.01,in,A
2025-05-28 13:26:56,40.75,2025-05-28 13:30:00,2025-05-28 13:35:10,0.01,in,A
2025-05-28 13:26:56,40.75,2025-05-28 13:30:00,2025-05-28 13:35:10,0.01,in,A
2025-05-28 13:26:56,40.75,2025-05-28 13:30:00,2025-05-28 13:35:10,0.01,in,A
2025-05-28 13:26:56,40.75,2025-05-28 13:30:00,2025-05-28 13:35:10,0.01,in,A
2025-05-28 13:26:56,40.75,2025-05-28 13:30:00,2025-05-28 13:35:10,0.01,in,A
2025-05-28 13:26:56,40.75,2025-05-28 13:30:00,2025-05-28 13:35:10,0.01,in,A
2025-05-28 13:26:56,40.75,2025-05-28 13:30:00,2025-05-28 13:35:10,0.01,in,A
2025-05-28 13:26:56,40.75,2025-05-28 13:30:00,2025-05-28 13:35:09,0.01,in,A
2025-05-28 13:26:56,40.75,2025-05-28 13:30:00,2025-05-28 13:30:15,0.01,in,A
2025-05-28 13:26:56,40.75,2025-05-28 13:30:00,2025-05-28 13:30:15,0.01,in,A
2025-05-28 13:26:56,40.75,2025-05-28 13:30:00,2025-05-28 13:30:15,0.01,in,A
2025-05-28 13:26:56,40.75,2025-05-28 13:30:00,2025-05-28 13:30:15,0.01,in,A
2025-05-28 13:26:56,40.75,2025-05-28 13:30:00,2025-05-28 13:30:15,0.01,in,A
2025-05-28 13:26:56,40.75,2025-05-28 13:30:00,2025-05-28 13:30:15,0.01,in,A
2025-05-28 13:41:56,44.74,2025-05-28 13:45:00,,,,
2025-05-28 14:11:57,39.07,2025-05-28 14:15:00,,,,
2025-05-28 14:26:57,38.98,2025-05-28 14:30:00,,,,
2025-05-28 14:41:57,40.33,2025-05-28 14:45:00,,,,
2025-05-28 15:11:57,40.1,2025-05-28 15:15:00,,,,
2025-05-28 15:26:58,38.69,2025-05-28 15:30:00,,,,
2025-05-28 15:41:58,36.7,2025-05-28 15:45:00,,,,
2025-05-28 16:11:57,37.49,2025-05-28 16:15:00,,,,
2025-05-28 16:26:57,38.07,2025-05-28 16:30:00,,,,
2025-05-28 16:41:57,37.35,2025-05-28 16:45:00,,,,
2025-05-28 17:11:57,39.26,2025-05-28 17:15:00,,,,
2025-05-28 17:26:58,38.59,2025-05-28 17:30:00,,,,
2025-05-28 17:41:58,37.95,2025-05-28 17:45:00,,,,
2025-05-29 07:12:02,37.28,2025-05-29 07:15:00,,,,
2025-05-29 07:27:02,38.68,2025-05-29 07:30:00,,,,
2025-05-29 07:42:01,38.5,2025-05-29 07:45:00,,,,
2025-05-29 08:12:01,39.79,2025-05-29 08:15:00,,,,
2025-05-29 08:27:02,38.96,2025-05-29 08:30:00,,,,
2025-05-29 08:42:01,44.8,2025-05-29 08:45:00,,,,
2025-05-29 09:12:02,39.64,2025-05-29 09:15:00,,,,
2025-05-29 09:27:01,42.17,2025-05-29 09:30:00,,,,
2025-05-29 09:42:01,45.44,2025-05-29 09:45:00,,,,
2025-05-29 10:12:01,51.08,2025-05-29 10:15:00,,,,
2025-05-29 10:27:02,42.84,2025-05-29 10:30:00,,,,
2025-05-29 10:41:56,40.46,2025-05-29 10:45:00,,,,
2025-05-29 10:42:13,40.46,2025-05-29 10:45:00,,,,
2025-05-29 10:42:30,40.46,2025-05-29 10:45:00,,,,
2025-05-29 10:47:40,40.46,2025-05-29 10:45:00,,,,
2025-05-29 10:47:56,40.46,2025-05-29 10:45:00,,,,
2025-05-29 10:48:13,40.46,2025-05-29 10:45:00,,,,
2025-05-29 11:09:44,42.55,2025-05-29 11:15:00,,,,
2025-05-29 11:24:44,50.85,2025-05-29 11:30:00,,,,
2025-05-29 11:39:44,42.63,2025-05-29 11:45:00,,,,
2025-05-29 12:09:44,44.35,2025-05-29 12:15:00,,,,
2025-05-29 12:24:44,44.78,2025-05-29 12:30:00,,,,
2025-05-29 12:39:44,45.43,2025-05-29 12:45:00,,,,
2025-05-29 13:09:44,47.06,2025-05-29 13:15:00,,,,
2025-05-29 13:24:45,45.24,2025-05-29 13:30:00,,,,
2025-05-29 13:39:45,36.28,2025-05-29 13:45:00,,,,
2025-05-29 14:09:45,42.17,2025-05-29 14:15:00,,,,
2025-05-29 14:24:45,37.29,2025-05-29 14:30:00,,,,
2025-05-29 14:39:45,33.82,2025-05-29 14:45:00,,,,
2025-05-29 15:09:46,34.57,2025-05-29 15:15:00,,,,
2025-05-29 15:24:46,39.61,2025-05-29 15:30:00,,,,
2025-05-29 15:39:45,39.51,2025-05-29 15:45:00,,,,
2025-05-29 16:09:45,41.4,2025-05-29 16:15:00,,,,
2025-05-29 16:24:45,41.48,2025-05-29 16:30:00,,,,
2025-05-29 16:39:45,40.5,2025-05-29 16:45:00,,,,
2025-05-29 17:09:45,41.59,2025-05-29 17:15:00,,,,
2025-05-29 17:14:46,41.59,2025-05-29 17:15:00,,,,
2025-05-29 17:24:45,42.31,2025-05-29 17:30:00,,,,
2025-05-29 17:39:45,40.33,2025-05-29 17:45:00,,,,
2025-05-30 07:09:49,71.92,2025-05-30 07:15:00,,,,
2025-05-30 07:24:49,83.13,2025-05-30 07:30:00,,,,
2025-05-30 08:24:48,100.16,2025-05-30 08:30:00,,,,
2025-05-30 08:39:48,91.48,2025-05-30 08:45:00,,,,
2025-05-30 09:09:49,87.28,2025-05-30 09:15:00,,,,
2025-06-01 07:24:59,61.41,2025-06-01 07:30:00,,,,
2025-06-01 09:09:59,37.18,2025-06-01 09:15:00,,,,
2025-06-01 09:25:00,39.48,2025-06-01 09:30:00,,,,
2025-06-01 09:39:59,47.52,2025-06-01 09:45:00,,,,
2025-06-01 10:09:59,49.21,2025-06-01 10:15:00,,,,
2025-06-01 10:24:59,45.68,2025-06-01 10:30:00,,,,
2025-06-01 10:39:59,37.24,2025-06-01 10:45:00,,,,
2025-06-01 11:10:00,41.0,2025-06-01 11:15:00,,,,
2025-06-01 11:25:00,46.43,2025-06-01 11:30:00,,,,
2025-06-01 11:40:00,44.24,2025-06-01 11:45:00,,,,
2025-06-01 12:10:00,39.03,2025-06-01 12:15:00,,,,
2025-06-01 12:25:00,40.27,2025-06-01 12:30:00,,,,
2025-06-01 12:40:00,39.98,2025-06-01 12:45:00,,,,
2025-06-01 13:25:01,35.91,2025-06-01 13:30:00,,,,
2025-06-01 13:36:49,35.91,2025-06-01 13:30:00,,,,
2025-06-01 13:40:01,34.09,2025-06-01 13:45:00,,,,
2025-06-01 14:10:01,83.5,2025-06-01 14:15:00,,,,
2025-06-01 14:25:01,34.59,2025-06-01 14:30:00,,,,
2025-06-01 14:26:35,34.59,2025-06-01 14:30:00,,,,
2025-06-01 14:27:21,34.59,2025-06-01 14:30:00,,,,
2025-06-01 15:10:02,59.17,2025-06-01 15:15:00,,,,
2025-06-01 15:25:02,35.13,2025-06-01 15:30:00,,,,
2025-06-01 15:40:02,99.96,2025-06-01 15:45:00,,,,
2025-06-01 16:10:03,35.79,2025-06-01 16:15:00,,,,
2025-06-01 16:25:03,38.78,2025-06-01 16:30:00,,,,
2025-06-01 16:40:02,33.62,2025-06-01 16:45:00,,,,
2025-06-01 17:10:02,32.06,2025-06-01 17:15:00,,,,
2025-06-01 17:25:03,34.44,2025-06-01 17:30:00,,,,
2025-06-01 17:40:03,32.91,2025-06-01 17:45:00,,,,
2025-06-02 06:55:05,30.98,2025-06-02 07:00:00,,,,
2025-06-02 07:10:05,28.87,2025-06-02 07:15:00,,,,
2025-06-02 07:25:05,56.56,2025-06-02 07:30:00,,,,
2025-06-02 07:40:05,28.86,2025-06-02 07:45:00,,,,
2025-06-02 07:55:06,29.39,2025-06-02 08:00:00,,,,
2025-06-02 08:10:06,29.09,2025-06-02 08:15:00,,,,
2025-06-02 08:25:05,28.41,2025-06-02 08:30:00,,,,
2025-06-02 08:40:05,28.51,2025-06-02 08:45:00,,,,
2025-06-02 09:10:06,31.31,2025-06-02 09:15:00,,,,
2025-06-02 09:25:05,33.2,2025-06-02 09:30:00,,,,
2025-06-02 09:33:14,33.2,2025-06-02 09:30:00,,,,
2025-06-02 09:40:06,32.03,2025-06-02 09:45:00,,,,
2025-06-02 09:55:05,31.57,2025-06-02 10:00:00,,,,
2025-06-02 10:10:05,45.1,2025-06-02 10:15:00,,,,
2025-06-02 10:25:05,30.66,2025-06-02 10:30:00,,,,
2025-06-02 10:40:05,37.8,2025-06-02 10:45:00,,,,
2025-06-02 10:55:05,33.09,2025-06-02 11:00:00,,,,
2025-06-02 11:10:06,37.11,2025-06-02 11:15:00,,,,
2025-06-02 11:25:06,31.82,2025-06-02 11:30:00,,,,
2025-06-02 11:40:06,41.81,2025-06-02 11:45:00,,,,
2025-06-02 11:55:06,29.69,2025-06-02 12:00:00,,,,
2025-06-02 12:10:06,27.54,2025-06-02 12:15:00,,,,
2025-06-02 12:25:06,29.49,2025-06-02 12:30:00,,,,
2025-06-02 12:26:09,29.49,2025-06-02 12:30:00,,,,
2025-06-02 12:40:06,41.59,2025-06-02 12:45:00,,,,
2025-06-02 12:55:06,29.59,2025-06-02 13:00:00,,,,
2025-06-02 13:10:06,28.67,2025-06-02 13:15:00,,,,
2025-06-02 13:25:06,30.69,2025-06-02 13:30:00,,,,
2025-06-02 13:40:06,28.46,2025-06-02 13:45:00,,,,
2025-06-02 13:55:07,29.57,2025-06-02 14:00:00,,,,
2025-06-02 14:10:07,31.26,2025-06-02 14:15:00,,,,
2025-06-02 14:25:07,31.55,2025-06-02 14:30:00,,,,
2025-06-02 14:40:07,37.04,2025-06-02 14:45:00,,,,
2025-06-02 14:55:07,28.17,2025-06-02 15:00:00,,,,
2025-06-02 14:56:26,28.17,2025-06-02 15:00:00,,,,
2025-06-02 15:10:08,28.66,2025-06-02 15:15:00,,,,
2025-06-02 15:25:08,28.32,2025-06-02 15:30:00,,,,
2025-06-02 15:40:08,28.68,2025-06-02 15:45:00,,,,
2025-06-02 15:55:08,29.61,2025-06-02 16:00:00,,,,
2025-06-02 16:10:08,36.63,2025-06-02 16:15:00,,,,
2025-06-02 16:25:08,29.54,2025-06-02 16:30:00,,,,
2025-06-02 16:40:09,83.92,2025-06-02 16:45:00,,,,
2025-06-02 16:55:09,30.44,2025-06-02 17:00:00,,,,
2025-06-02 17:10:09,33.47,2025-06-02 17:15:00,,,,
2025-06-02 17:25:09,27.95,2025-06-02 17:30:00,,,,
2025-06-02 17:40:09,29.19,2025-06-02 17:45:00,,,,
2025-06-03 06:55:11,28.1,2025-06-03 07:00:00,,,,
2025-06-03 07:10:11,28.26,2025-06-03 07:15:00,,,,
2025-06-03 07:25:11,27.59,2025-06-03 07:30:00,,,,
2025-06-03 07:40:10,29.13,2025-06-03 07:45:00,,,,
2025-06-03 07:55:10,29.21,2025-06-03 08:00:00,,,,
2025-06-03 08:10:10,27.9,2025-06-03 08:15:00,,,,
2025-06-03 08:25:10,31.06,2025-06-03 08:30:00,,,,
2025-06-03 08:32:42,31.06,2025-06-03 08:30:00,,,,
2025-06-03 08:40:10,28.59,2025-06-03 08:45:00,,,,
2025-06-03 08:55:11,28.24,2025-06-03 09:00:00,,,,
2025-06-03 09:10:11,36.66,2025-06-03 09:15:00,,,,
2025-06-03 09:25:10,37.95,2025-06-03 09:30:00,,,,
2025-06-03 09:40:10,29.64,2025-06-03 09:45:00,,,,
2025-06-03 10:10:10,29.34,2025-06-03 10:15:00,,,,
2025-06-03 10:25:10,28.37,2025-06-03 10:30:00,,,,
2025-06-03 10:40:11,29.88,2025-06-03 10:45:00,,,,
2025-06-03 10:43:54,29.88,2025-06-03 10:45:00,,,,
2025-06-03 10:55:12,31.49,2025-06-03 11:00:00,,,,
2025-06-03 11:10:12,27.34,2025-06-03 11:15:00,,,,
2025-06-03 11:25:12,32.97,2025-06-03 11:30:00,,,,
2025-06-03 11:40:12,28.29,2025-06-03 11:45:00,,,,
2025-06-03 11:55:12,29.36,2025-06-03 12:00:00,,,,
2025-06-03 12:10:12,28.66,2025-06-03 12:15:00,,,,
2025-06-03 12:25:13,30.64,2025-06-03 12:30:00,,,,
2025-06-03 12:40:13,53.31,2025-06-03 12:45:00,,,,
2025-06-03 12:55:13,28.84,2025-06-03 13:00:00,,,,
2025-06-03 13:10:13,28.5,2025-06-03 13:15:00,,,,
2025-06-03 13:25:13,29.23,2025-06-03 13:30:00,,,,
2025-06-03 13:40:13,28.97,2025-06-03 13:45:00,,,,
2025-06-03 13:55:13,29.54,2025-06-03 14:00:00,,,,
2025-06-03 14:10:13,29.54,2025-06-03 14:15:00,,,,
2025-06-03 14:25:13,29.07,2025-06-03 14:30:00,,,,
2025-06-03 14:40:13,29.62,2025-06-03 14:45:00,,,,
2025-06-03 14:55:14,28.36,2025-06-03 15:00:00,,,,
2025-06-03 15:10:14,29.51,2025-06-03 15:15:00,,,,
2025-06-03 15:25:14,41.81,2025-06-03 15:30:00,,,,
2025-06-03 15:40:13,29.01,2025-06-03 15:45:00,,,,
2025-06-03 15:55:13,27.82,2025-06-03 16:00:00,,,,
2025-06-03 16:10:13,28.11,2025-06-03 16:15:00,,,,
2025-06-03 16:25:13,27.56,2025-06-03 16:30:00,,,,
2025-06-03 16:40:13,46.07,2025-06-03 16:45:00,,,,
2025-06-03 16:55:13,30.14,2025-06-03 17:00:00,,,,
2025-06-03 17:10:13,29.42,2025-06-03 17:15:00,,,,
2025-06-03 17:25:13,29.38,2025-06-03 17:30:00,,,,
2025-06-03 17:40:13,28.77,2025-06-03 17:45:00,,,,
2025-06-04 06:55:17,28.85,2025-06-04 07:00:00,,,,
2025-06-04 07:10:17,28.79,2025-06-04 07:15:00,,,,
2025-06-04 07:25:17,50.07,2025-06-04 07:30:00,,,,
2025-06-04 07:40:16,91.23,2025-06-04 07:45:00,,,,
2025-06-04 07:55:16,30.04,2025-06-04 08:00:00,,,,
2025-06-04 08:10:16,28.21,2025-06-04 08:15:00,,,,
2025-06-04 08:25:16,32.92,2025-06-04 08:30:00,,,,
2025-06-04 08:40:16,28.5,2025-06-04 08:45:00,,,,
2025-06-04 08:55:17,28.14,2025-06-04 09:00:00,,,,
2025-06-04 09:10:16,28.45,2025-06-04 09:15:00,,,,
2025-06-04 09:25:17,30.79,2025-06-04 09:30:00,,,,
2025-06-04 09:40:17,83.04,2025-06-04 09:45:00,,,,
2025-06-04 09:55:17,27.25,2025-06-04 10:00:00,,,,
2025-06-04 10:10:16,27.7,2025-06-04 10:15:00,,,,
2025-06-04 10:25:16,27.66,2025-06-04 10:30:00,,,,
2025-06-04 10:40:16,27.3,2025-06-04 10:45:00,,,,
2025-06-04 10:55:16,28.21,2025-06-04 11:00:00,,,,
2025-06-04 11:10:16,28.56,2025-06-04 11:15:00,,,,
2025-06-04 11:25:16,29.68,2025-06-04 11:30:00,,,,
2025-06-04 11:40:17,28.36,2025-06-04 11:45:00,,,,
2025-06-04 12:10:17,28.08,2025-06-04 12:15:00,,,,
2025-06-04 12:25:17,27.65,2025-06-04 12:30:00,,,,
2025-06-04 12:40:17,29.63,2025-06-04 12:45:00,,,,
2025-06-04 12:55:17,31.64,2025-06-04 13:00:00,,,,
2025-06-04 13:10:17,30.93,2025-06-04 13:15:00,,,,
2025-06-04 13:25:17,29.73,2025-06-04 13:30:00,,,,
2025-06-04 13:40:17,28.29,2025-06-04 13:45:00,,,,
2025-06-04 13:55:17,31.08,2025-06-04 14:00:00,,,,
2025-06-04 14:10:17,28.18,2025-06-04 14:15:00,,,,
2025-06-04 14:25:18,29.18,2025-06-04 14:30:00,,,,
2025-06-04 14:40:18,29.31,2025-06-04 14:45:00,,,,
2025-06-04 14:55:18,28.75,2025-06-04 15:00:00,,,,
2025-06-04 15:10:18,28.62,2025-06-04 15:15:00,,,,
2025-06-04 15:25:18,27.26,2025-06-04 15:30:00,,,,
2025-06-04 15:40:18,27.64,2025-06-04 15:45:00,,,,
2025-06-04 15:55:18,28.7,2025-06-04 16:00:00,,,,
2025-06-04 16:10:19,30.34,2025-06-04 16:15:00,,,,
2025-06-04 16:25:19,29.83,2025-06-04 16:30:00,,,,
2025-06-04 16:40:19,29.29,2025-06-04 16:45:00,,,,
2025-06-04 16:55:19,28.41,2025-06-04 17:00:00,,,,
2025-06-04 17:10:19,28.39,2025-06-04 17:15:00,,,,
2025-06-04 17:25:19,28.18,2025-06-04 17:30:00,,,,
2025-06-04 17:40:19,34.76,2025-06-04 17:45:00,,,,
2025-06-05 06:55:21,28.46,2025-06-05 07:00:00,,,,
2025-06-05 07:10:21,29.45,2025-06-05 07:15:00,,,,
2025-06-05 07:25:20,32.63,2025-06-05 07:30:00,,,,
2025-06-05 07:40:20,29.86,2025-06-05 07:45:00,,,,
2025-06-05 07:55:20,28.24,2025-06-05 08:00:00,,,,
2025-06-05 08:10:20,100.81,2025-06-05 08:15:00,,,,
2025-06-05 08:25:21,28.4,2025-06-05 08:30:00,,,,
2025-06-05 08:40:21,33.23,2025-06-05 08:45:00,,,,
2025-06-05 08:55:20,29.91,2025-06-05 09:00:00,,,,
2025-06-05 09:10:20,29.63,2025-06-05 09:15:00,,,,
2025-06-05 09:25:20,28.78,2025-06-05 09:30:00,,,,
2025-06-05 09:40:20,33.41,2025-06-05 09:45:00,,,,
2025-06-05 09:55:20,28.13,2025-06-05 10:00:00,,,,
2025-06-05 10:10:21,29.0,2025-06-05 10:15:00,,,,
2025-06-05 10:25:21,35.26,2025-06-05 10:30:00,,,,
2025-06-05 10:40:21,28.42,2025-06-05 10:45:00,,,,
2025-06-05 11:10:20,31.04,2025-06-05 11:15:00,,,,
2025-06-05 11:25:20,30.04,2025-06-05 11:30:00,,,,
2025-06-05 11:40:20,28.98,2025-06-05 11:45:00,,,,
2025-06-05 11:55:20,28.87,2025-06-05 12:00:00,,,,
2025-06-05 12:10:20,30.02,2025-06-05 12:15:00,,,,
2025-06-05 12:25:20,31.82,2025-06-05 12:30:00,,,,
2025-06-05 12:40:21,28.68,2025-06-05 12:45:00,,,,
2025-06-05 12:55:21,28.94,2025-06-05 13:00:00,,,,
2025-06-05 13:10:21,29.93,2025-06-05 13:15:00,,,,
2025-06-05 13:25:21,30.95,2025-06-05 13:30:00,,,,
2025-06-05 13:40:21,28.79,2025-06-05 13:45:00,,,,
2025-06-05 13:55:21,27.65,2025-06-05 14:00:00,,,,
2025-06-05 14:10:21,29.27,2025-06-05 14:15:00,,,,
2025-06-05 14:25:21,28.48,2025-06-05 14:30:00,,,,
2025-06-05 14:40:21,28.72,2025-06-05 14:45:00,,,,
2025-06-05 14:55:21,30.4,2025-06-05 15:00:00,,,,
2025-06-05 15:10:21,32.34,2025-06-05 15:15:00,,,,
2025-06-05 15:25:22,29.81,2025-06-05 15:30:00,,,,
2025-06-05 15:40:22,30.39,2025-06-05 15:45:00,,,,
2025-06-05 15:55:22,29.07,2025-06-05 16:00:00,,,,
2025-06-05 16:10:21,30.83,2025-06-05 16:15:00,,,,
2025-06-05 16:25:21,31.13,2025-06-05 16:30:00,,,,
2025-06-05 16:40:21,32.54,2025-06-05 16:45:00,,,,
2025-06-05 17:10:22,34.34,2025-06-05 17:15:00,,,,
2025-06-05 17:21:31,34.34,2025-06-05 17:15:00,,,,
2025-06-05 17:25:22,61.93,2025-06-05 17:30:00,,,,
2025-06-05 17:34:20,61.93,2025-06-05 17:30:00,,,,
2025-06-05 17:40:22,62.3,2025-06-05 17:45:00,,,,
