Datetime,Turbidity,Reading,Value,value*10,Unit,Data Quality
5/1/2025 14:09,28.7,5/1/2025 14:15,2.97,29.7,ft,A
5/1/2025 14:24,30.12,5/1/2025 14:30,2.98,29.8,ft,A
5/1/2025 14:39,30.81,5/1/2025 14:45,2.99,29.9,ft,A
5/1/2025 14:54,30.52,5/1/2025 15:00,2.99,29.9,ft,A
5/1/2025 15:09,31.19,5/1/2025 15:15,3.02,30.2,ft,A
5/1/2025 15:24,31.03,5/1/2025 15:30,3,30,ft,A
5/1/2025 15:39,31.3,5/1/2025 15:45,2.98,29.8,ft,A
5/1/2025 15:54,30.35,5/1/2025 16:00,3,30,ft,A
5/1/2025 16:09,31.97,5/1/2025 16:15,2.97,29.7,ft,A
5/1/2025 16:24,31.39,5/1/2025 16:30,3,30,ft,A
5/1/2025 16:39,32.15,5/1/2025 16:45,2.96,29.6,ft,A
5/1/2025 16:54,31.96,5/1/2025 17:00,2.99,29.9,ft,A
5/1/2025 17:09,33.15,5/1/2025 17:15,2.99,29.9,ft,A
5/1/2025 17:09,33.15,5/1/2025 17:15,2.99,29.9,ft,A
5/1/2025 17:24,32.03,5/1/2025 17:30,2.93,29.3,ft,A
5/1/2025 17:39,32.66,5/1/2025 17:45,2.9,29,ft,A
5/2/2025 7:09,33.08,5/2/2025 7:15,1.59,15.9,ft,A
5/2/2025 7:24,32.69,5/2/2025 7:30,1.56,15.6,ft,A
5/2/2025 7:39,32.26,5/2/2025 7:45,1.54,15.4,ft,A
5/2/2025 7:54,32.1,5/2/2025 8:00,1.55,15.5,ft,A
5/2/2025 8:09,32.14,5/2/2025 8:15,1.55,15.5,ft,A
5/2/2025 8:24,31.5,5/2/2025 8:30,1.57,15.7,ft,A
5/2/2025 8:39,33.68,5/2/2025 8:45,1.57,15.7,ft,A
5/2/2025 8:54,33.25,5/2/2025 9:00,1.61,16.1,ft,A
5/2/2025 9:09,40.02,5/2/2025 9:15,1.68,16.8,ft,A
5/2/2025 9:24,31.62,5/2/2025 9:30,1.73,17.3,ft,A
5/2/2025 9:39,35.12,5/2/2025 9:45,1.81,18.1,ft,A
5/2/2025 9:54,33.17,5/2/2025 10:00,1.83,18.3,ft,A
5/2/2025 10:09,31.44,5/2/2025 10:15,1.9,19,ft,A
5/2/2025 10:24,32.18,5/2/2025 10:30,2,20,ft,A
5/2/2025 10:39,33.51,5/2/2025 10:45,2.05,20.5,ft,A
5/2/2025 10:54,32.6,5/2/2025 11:00,2.13,21.3,ft,A
5/2/2025 11:09,32.98,5/2/2025 11:15,2.23,22.3,ft,A
5/2/2025 11:24,30.74,5/2/2025 11:30,2.26,22.6,ft,A
5/2/2025 11:39,29.38,5/2/2025 11:45,2.32,23.2,ft,A
5/2/2025 11:54,30.82,5/2/2025 12:00,2.38,23.8,ft,A
5/2/2025 12:09,30.8,5/2/2025 12:15,2.43,24.3,ft,A
5/2/2025 12:24,30.01,5/2/2025 12:30,2.44,24.4,ft,A
5/2/2025 12:39,28.85,5/2/2025 12:45,2.52,25.2,ft,A
5/2/2025 12:54,30.74,5/2/2025 13:00,2.57,25.7,ft,A
5/2/2025 13:09,31.34,5/2/2025 13:15,2.63,26.3,ft,A
5/2/2025 13:24,27.72,5/2/2025 13:30,2.65,26.5,ft,A
5/2/2025 13:39,31.23,5/2/2025 13:45,2.66,26.6,ft,A
5/2/2025 13:54,29.89,5/2/2025 14:00,2.7,27,ft,A
5/2/2025 14:09,30.35,5/2/2025 14:15,2.75,27.5,ft,A
5/2/2025 14:24,30.36,5/2/2025 14:30,2.76,27.6,ft,A
5/2/2025 14:39,30.22,5/2/2025 14:45,2.75,27.5,ft,A
5/2/2025 14:54,32.17,5/2/2025 15:00,2.73,27.3,ft,A
5/2/2025 15:09,32.22,5/2/2025 15:15,2.77,27.7,ft,A
5/2/2025 15:24,32.13,5/2/2025 15:30,2.78,27.8,ft,A
5/2/2025 15:39,36.44,5/2/2025 15:45,2.78,27.8,ft,A
5/2/2025 15:54,32.77,5/2/2025 16:00,2.75,27.5,ft,A
5/2/2025 16:09,28.92,5/2/2025 16:15,2.81,28.1,ft,A
5/2/2025 16:24,32.75,5/2/2025 16:30,2.8,28,ft,A
5/2/2025 16:39,31.17,5/2/2025 16:45,2.83,28.3,ft,A
5/2/2025 16:54,31.76,5/2/2025 17:00,2.82,28.2,ft,A
5/2/2025 17:09,31.78,5/2/2025 17:15,2.8,28,ft,A
5/2/2025 17:24,31.12,5/2/2025 17:30,2.79,27.9,ft,A
5/2/2025 17:39,33.5,5/2/2025 17:45,2.78,27.8,ft,A
5/3/2025 7:09,36.64,5/3/2025 7:15,1.78,17.8,ft,A
5/3/2025 7:24,35.69,5/3/2025 7:30,1.75,17.5,ft,A
5/3/2025 7:39,36.05,5/3/2025 7:45,1.72,17.2,ft,A
5/3/2025 8:09,38.35,5/3/2025 8:15,1.68,16.8,ft,A
5/3/2025 8:24,37.42,5/3/2025 8:30,1.67,16.7,ft,A
5/3/2025 8:39,38.35,5/3/2025 8:45,1.68,16.8,ft,A
5/3/2025 9:09,37.8,5/3/2025 9:15,1.64,16.4,ft,A
5/3/2025 9:24,39.23,5/3/2025 9:30,1.62,16.2,ft,A
5/3/2025 9:39,42.48,5/3/2025 9:45,1.58,15.8,ft,A
5/3/2025 10:09,38.55,5/3/2025 10:15,1.63,16.3,ft,A
5/3/2025 10:24,39.74,5/3/2025 10:30,1.62,16.2,ft,A
5/3/2025 10:39,38.06,5/3/2025 10:45,1.67,16.7,ft,A
5/3/2025 11:09,36.67,5/3/2025 11:15,1.74,17.4,ft,A
5/3/2025 11:24,36.94,5/3/2025 11:30,1.83,18.3,ft,A
5/3/2025 11:39,38.33,5/3/2025 11:45,1.87,18.7,ft,A
5/3/2025 12:09,36.37,5/3/2025 12:15,1.99,19.9,ft,A
5/3/2025 12:24,37.34,5/3/2025 12:30,2.01,20.1,ft,A
5/3/2025 12:39,36.61,5/3/2025 12:45,2.06,20.6,ft,A
5/3/2025 13:09,34.98,5/3/2025 13:15,2.14,21.4,ft,A
5/3/2025 13:24,38.56,5/3/2025 13:30,2.19,21.9,ft,A
5/3/2025 13:39,36.48,5/3/2025 13:45,2.22,22.2,ft,A
5/3/2025 14:09,56.89,5/3/2025 14:15,2.25,22.5,ft,A
5/3/2025 14:24,38.41,5/3/2025 14:30,2.27,22.7,ft,A
5/3/2025 14:39,37.91,5/3/2025 14:45,2.29,22.9,ft,A
5/3/2025 15:09,36.21,5/3/2025 15:15,2.3,23,ft,A
5/3/2025 15:18,36.21,5/3/2025 15:15,2.3,23,ft,A
5/3/2025 15:18,36.21,5/3/2025 15:15,2.3,23,ft,A
5/3/2025 15:19,36.21,5/3/2025 15:15,2.3,23,ft,A
5/3/2025 15:19,36.21,5/3/2025 15:15,2.3,23,ft,A
5/3/2025 15:20,36.21,5/3/2025 15:15,2.3,23,ft,A
5/3/2025 15:20,36.21,5/3/2025 15:15,2.3,23,ft,A
5/3/2025 15:20,36.21,5/3/2025 15:15,2.3,23,ft,A
5/3/2025 15:21,36.21,5/3/2025 15:15,2.3,23,ft,A
5/3/2025 15:21,36.21,5/3/2025 15:15,2.3,23,ft,A
5/3/2025 15:21,36.21,5/3/2025 15:15,2.3,23,ft,A
5/3/2025 15:24,38.66,5/3/2025 15:30,2.31,23.1,ft,A
5/3/2025 15:24,38.66,5/3/2025 15:30,2.31,23.1,ft,A
5/3/2025 15:24,38.66,5/3/2025 15:30,2.31,23.1,ft,A
5/3/2025 15:24,38.66,5/3/2025 15:30,2.31,23.1,ft,A
5/3/2025 15:25,38.66,5/3/2025 15:30,2.31,23.1,ft,A
5/3/2025 15:25,38.66,5/3/2025 15:30,2.31,23.1,ft,A
5/3/2025 15:25,38.66,5/3/2025 15:30,2.31,23.1,ft,A
5/3/2025 15:26,38.66,5/3/2025 15:30,2.31,23.1,ft,A
5/3/2025 15:26,38.66,5/3/2025 15:30,2.31,23.1,ft,A
5/3/2025 15:26,38.66,5/3/2025 15:30,2.31,23.1,ft,A
5/3/2025 15:26,38.66,5/3/2025 15:30,2.31,23.1,ft,A
5/3/2025 15:27,38.66,5/3/2025 15:30,2.31,23.1,ft,A
5/3/2025 15:27,38.66,5/3/2025 15:30,2.31,23.1,ft,A
5/3/2025 15:27,38.66,5/3/2025 15:30,2.31,23.1,ft,A
5/3/2025 15:27,38.66,5/3/2025 15:30,2.31,23.1,ft,A
5/3/2025 15:28,38.66,5/3/2025 15:30,2.31,23.1,ft,A
5/3/2025 15:28,38.66,5/3/2025 15:30,2.31,23.1,ft,A
5/3/2025 15:28,38.66,5/3/2025 15:30,2.31,23.1,ft,A
5/3/2025 15:29,38.66,5/3/2025 15:30,2.31,23.1,ft,A
5/3/2025 15:29,38.66,5/3/2025 15:30,2.31,23.1,ft,A
5/3/2025 15:29,38.66,5/3/2025 15:30,2.31,23.1,ft,A
5/3/2025 15:29,38.66,5/3/2025 15:30,2.31,23.1,ft,A
5/3/2025 15:30,38.66,5/3/2025 15:30,2.31,23.1,ft,A
5/3/2025 15:30,38.66,5/3/2025 15:30,2.31,23.1,ft,A
5/3/2025 15:30,38.66,5/3/2025 15:30,2.31,23.1,ft,A
5/3/2025 15:31,38.66,5/3/2025 15:30,2.31,23.1,ft,A
5/3/2025 15:31,38.66,5/3/2025 15:30,2.31,23.1,ft,A
5/3/2025 15:31,38.66,5/3/2025 15:30,2.31,23.1,ft,A
5/3/2025 15:31,38.66,5/3/2025 15:30,2.31,23.1,ft,A
5/3/2025 15:32,38.66,5/3/2025 15:30,2.31,23.1,ft,A
5/3/2025 15:32,38.66,5/3/2025 15:30,2.31,23.1,ft,A
5/3/2025 15:32,38.66,5/3/2025 15:30,2.31,23.1,ft,A
5/3/2025 15:32,38.66,5/3/2025 15:30,2.31,23.1,ft,A
5/3/2025 15:39,38.66,5/3/2025 15:45,2.32,23.2,ft,A
5/3/2025 16:09,40.74,5/3/2025 16:15,2.29,22.9,ft,A
5/3/2025 16:24,38.28,5/3/2025 16:30,2.29,22.9,ft,A
5/3/2025 16:39,40.22,5/3/2025 16:45,2.29,22.9,ft,A
5/3/2025 17:09,38.68,5/3/2025 17:15,2.22,22.2,ft,A
5/3/2025 17:24,39.02,5/3/2025 17:30,2.24,22.4,ft,A
5/3/2025 17:39,37.89,5/3/2025 17:45,2.21,22.1,ft,A
5/4/2025 7:10,36.64,5/4/2025 7:15,1.27,12.7,ft,A
5/4/2025 7:16,36.64,5/4/2025 7:15,1.27,12.7,ft,A
5/4/2025 7:17,36.64,5/4/2025 7:15,1.27,12.7,ft,A
5/4/2025 7:19,36.64,5/4/2025 7:15,1.27,12.7,ft,A
5/4/2025 7:25,43.64,5/4/2025 7:30,1.26,12.6,ft,A
5/4/2025 7:33,43.64,5/4/2025 7:30,1.26,12.6,ft,A
5/4/2025 7:33,43.64,5/4/2025 7:30,1.26,12.6,ft,A
5/4/2025 7:40,41.67,5/4/2025 7:45,1.23,12.3,ft,A
5/4/2025 7:44,41.67,5/4/2025 7:45,1.23,12.3,ft,A
5/4/2025 8:10,40.28,5/4/2025 8:15,1.21,12.1,ft,A
5/4/2025 8:25,40.32,5/4/2025 8:30,1.18,11.8,ft,A
5/4/2025 8:31,40.32,5/4/2025 8:30,1.18,11.8,ft,A
5/4/2025 8:31,40.32,5/4/2025 8:30,1.18,11.8,ft,A
5/4/2025 8:33,40.32,5/4/2025 8:30,1.18,11.8,ft,A
5/4/2025 8:34,40.32,5/4/2025 8:30,1.18,11.8,ft,A
5/4/2025 8:40,37.23,5/4/2025 8:45,1.16,11.6,ft,A
5/4/2025 8:49,37.23,5/4/2025 8:45,1.16,11.6,ft,A
5/4/2025 8:51,37.23,5/4/2025 8:45,1.16,11.6,ft,A
5/4/2025 9:10,45.35,5/4/2025 9:15,1.15,11.5,ft,A
5/4/2025 9:25,46.87,5/4/2025 9:30,1.15,11.5,ft,A
5/4/2025 9:40,43.25,5/4/2025 9:45,1.14,11.4,ft,A
5/4/2025 10:10,42.61,5/4/2025 10:15,1.11,11.1,ft,A
5/4/2025 10:25,40.45,5/4/2025 10:30,1.11,11.1,ft,A
5/4/2025 10:40,38.99,5/4/2025 10:45,1.14,11.4,ft,A
5/4/2025 11:10,43.62,5/4/2025 11:15,1.15,11.5,ft,A
5/4/2025 11:25,44.22,5/4/2025 11:30,1.16,11.6,ft,A
5/4/2025 11:40,40.37,5/4/2025 11:45,1.22,12.2,ft,A
5/4/2025 12:10,41.44,5/4/2025 12:15,1.31,13.1,ft,A
5/4/2025 12:25,40.95,5/4/2025 12:30,1.36,13.6,ft,A
5/4/2025 12:40,38.03,5/4/2025 12:45,1.45,14.5,ft,A
5/4/2025 13:10,41.26,5/4/2025 13:15,1.57,15.7,ft,A
5/4/2025 13:25,38.98,5/4/2025 13:30,1.62,16.2,ft,A
5/4/2025 13:40,38.42,5/4/2025 13:45,1.68,16.8,ft,A
5/4/2025 14:10,41.58,5/4/2025 14:15,1.79,17.9,ft,A
5/4/2025 14:25,49.99,5/4/2025 14:30,1.88,18.8,ft,A
5/4/2025 14:34,49.99,5/4/2025 14:30,1.88,18.8,ft,A
5/4/2025 14:40,35.19,5/4/2025 14:45,1.92,19.2,ft,A
5/4/2025 15:10,39.08,5/4/2025 15:15,2,20,ft,A
5/4/2025 15:25,38.01,5/4/2025 15:30,2.04,20.4,ft,A
5/4/2025 15:40,47.71,5/4/2025 15:45,2.05,20.5,ft,A
5/4/2025 16:10,43.33,5/4/2025 16:15,2.12,21.2,ft,A
5/4/2025 16:25,37.46,5/4/2025 16:30,2.11,21.1,ft,A
5/4/2025 16:40,40.53,5/4/2025 16:45,2.17,21.7,ft,A
5/4/2025 17:10,39.18,5/4/2025 17:15,2.19,21.9,ft,A
5/4/2025 17:25,38.06,5/4/2025 17:30,2.2,22,ft,A
5/4/2025 17:40,38.88,5/4/2025 17:45,2.22,22.2,ft,A
5/5/2025 7:10,37.74,5/5/2025 7:15,1.9,19,ft,A
5/5/2025 7:25,39.82,5/5/2025 7:30,1.88,18.8,ft,A
5/5/2025 7:40,37.14,5/5/2025 7:45,1.87,18.7,ft,A
5/5/2025 8:10,37.54,5/5/2025 8:15,1.82,18.2,ft,A
5/5/2025 8:25,38.27,5/5/2025 8:30,1.8,18,ft,A
5/5/2025 8:40,40.23,5/5/2025 8:45,1.77,17.7,ft,A
5/5/2025 9:10,39.99,5/5/2025 9:15,1.74,17.4,ft,A
5/5/2025 9:25,37.18,5/5/2025 9:30,1.72,17.2,ft,A
5/5/2025 9:40,38.65,5/5/2025 9:45,1.71,17.1,ft,A
5/5/2025 10:10,39.79,5/5/2025 10:15,1.72,17.2,ft,A
5/5/2025 10:25,40.13,5/5/2025 10:30,1.71,17.1,ft,A
5/5/2025 10:40,40.09,5/5/2025 10:45,1.71,17.1,ft,A
5/5/2025 11:10,37.71,5/5/2025 11:15,1.73,17.3,ft,A
5/5/2025 11:25,39.38,5/5/2025 11:30,1.76,17.6,ft,A
5/5/2025 11:40,40.24,5/5/2025 11:45,1.78,17.8,ft,A
5/5/2025 12:10,40.08,5/5/2025 12:15,1.86,18.6,ft,A
5/5/2025 12:25,40.68,5/5/2025 12:30,1.88,18.8,ft,A
5/5/2025 12:40,38.97,5/5/2025 12:45,1.9,19,ft,A
5/5/2025 13:10,40.2,5/5/2025 13:15,2.01,20.1,ft,A
5/5/2025 13:25,39.36,5/5/2025 13:30,2.01,20.1,ft,A
5/5/2025 13:40,40.33,5/5/2025 13:45,2.1,21,ft,A
5/5/2025 14:10,40.64,5/5/2025 14:15,2.18,21.8,ft,A
5/5/2025 14:25,41.26,5/5/2025 14:30,2.26,22.6,ft,A
5/5/2025 14:40,41.41,5/5/2025 14:45,2.29,22.9,ft,A
5/5/2025 15:10,41.05,5/5/2025 15:15,2.36,23.6,ft,A
5/5/2025 15:25,41.65,5/5/2025 15:30,2.41,24.1,ft,A
5/5/2025 15:40,40.92,5/5/2025 15:45,2.46,24.6,ft,A
5/5/2025 16:10,40.89,5/5/2025 16:15,2.52,25.2,ft,A
5/5/2025 16:25,40.59,5/5/2025 16:30,2.55,25.5,ft,A
5/5/2025 16:40,41.06,5/5/2025 16:45,2.6,26,ft,A
5/5/2025 17:10,39.64,5/5/2025 17:15,2.67,26.7,ft,A
5/5/2025 17:25,38.16,5/5/2025 17:30,2.69,26.9,ft,A
5/5/2025 17:40,39.18,5/5/2025 17:45,2.71,27.1,ft,A
5/6/2025 7:10,36.32,5/6/2025 7:15,2.9,29,ft,A
5/6/2025 7:25,35.98,5/6/2025 7:30,2.91,29.1,ft,A
5/6/2025 7:40,36.55,5/6/2025 7:45,2.9,29,ft,A
5/6/2025 8:10,36.77,5/6/2025 8:15,2.89,28.9,ft,A
5/6/2025 8:25,36.23,5/6/2025 8:30,2.89,28.9,ft,A
5/6/2025 8:40,36.48,5/6/2025 8:45,2.89,28.9,ft,A
5/6/2025 9:10,37.15,5/6/2025 9:15,2.88,28.8,ft,A
5/6/2025 9:25,35.57,5/6/2025 9:30,2.86,28.6,ft,A
5/6/2025 9:40,35.58,5/6/2025 9:45,2.87,28.7,ft,A
5/6/2025 10:10,36.26,5/6/2025 10:15,2.82,28.2,ft,A
5/6/2025 10:25,35.86,5/6/2025 10:30,2.83,28.3,ft,A
5/6/2025 10:40,35.36,5/6/2025 10:45,2.83,28.3,ft,A
5/6/2025 11:10,35.97,5/6/2025 11:15,2.79,27.9,ft,A
5/6/2025 11:25,36,5/6/2025 11:30,2.82,28.2,ft,A
5/6/2025 11:40,36.25,5/6/2025 11:45,2.83,28.3,ft,A
5/6/2025 12:10,37.36,5/6/2025 12:15,2.86,28.6,ft,A
5/6/2025 12:25,36.32,5/6/2025 12:30,2.86,28.6,ft,A
5/6/2025 12:40,36.96,5/6/2025 12:45,2.89,28.9,ft,A
5/6/2025 13:10,36.78,5/6/2025 13:15,2.93,29.3,ft,A
5/6/2025 13:25,45.34,5/6/2025 13:30,2.95,29.5,ft,A
5/6/2025 13:40,36.52,5/6/2025 13:45,2.99,29.9,ft,A
5/6/2025 14:10,37.13,5/6/2025 14:15,3.04,30.4,ft,A
5/6/2025 14:25,36.84,5/6/2025 14:30,3.08,30.8,ft,A
5/6/2025 14:40,36.28,5/6/2025 14:45,3.11,31.1,ft,A
5/6/2025 15:10,36.53,5/6/2025 15:15,3.17,31.7,ft,A
5/6/2025 15:25,36.26,5/6/2025 15:30,3.18,31.8,ft,A
5/6/2025 15:40,35.96,5/6/2025 15:45,3.24,32.4,ft,A
5/6/2025 16:10,35.55,5/6/2025 16:15,3.34,33.4,ft,A
5/6/2025 16:25,34.02,5/6/2025 16:30,3.35,33.5,ft,A
5/6/2025 16:40,34.91,5/6/2025 16:45,3.34,33.4,ft,A
5/6/2025 17:10,35.3,5/6/2025 17:15,3.38,33.8,ft,A
5/6/2025 17:25,34.14,5/6/2025 17:30,3.4,34,ft,A
5/6/2025 17:40,35.07,5/6/2025 17:45,3.42,34.2,ft,A
5/7/2025 7:10,35.26,5/7/2025 7:15,3.16,31.6,ft,A
5/7/2025 7:25,34.16,5/7/2025 7:30,3.16,31.6,ft,A
5/7/2025 7:40,35.52,5/7/2025 7:45,3.17,31.7,ft,A
5/7/2025 8:10,35.68,5/7/2025 8:15,3.18,31.8,ft,A
5/7/2025 8:25,36.85,5/7/2025 8:30,3.18,31.8,ft,A
5/7/2025 8:40,34.45,5/7/2025 8:45,3.19,31.9,ft,A
5/7/2025 9:10,35.83,5/7/2025 9:15,3.14,31.4,ft,A
5/7/2025 9:25,35.74,5/7/2025 9:30,3.18,31.8,ft,A
5/7/2025 9:40,35.8,5/7/2025 9:45,3.19,31.9,ft,A
5/7/2025 10:10,33.23,5/7/2025 10:15,3.22,32.2,ft,A
5/7/2025 10:25,36.52,5/7/2025 10:30,3.24,32.4,ft,A
5/7/2025 10:40,35.65,5/7/2025 10:45,3.23,32.3,ft,A
5/7/2025 11:10,36.23,5/7/2025 11:15,3.24,32.4,ft,A
5/7/2025 11:25,37.58,5/7/2025 11:30,3.26,32.6,ft,A
5/7/2025 11:40,36.48,5/7/2025 11:45,3.23,32.3,ft,A
5/7/2025 12:10,37.58,5/7/2025 12:15,3.28,32.8,ft,A
5/7/2025 12:25,36.69,5/7/2025 12:30,3.25,32.5,ft,A
5/7/2025 12:40,39.32,5/7/2025 12:45,3.26,32.6,ft,A
5/7/2025 13:10,38.13,5/7/2025 13:15,3.26,32.6,ft,A
5/7/2025 13:25,35.23,5/7/2025 13:30,3.24,32.4,ft,A
5/7/2025 13:40,38.04,5/7/2025 13:45,3.23,32.3,ft,A
5/7/2025 14:10,38.24,5/7/2025 14:15,3.2,32,ft,A
5/7/2025 14:25,38.21,5/7/2025 14:30,3.22,32.2,ft,A
5/7/2025 14:40,37.04,5/7/2025 14:45,3.21,32.1,ft,A
5/7/2025 15:10,36.59,5/7/2025 15:15,3.16,31.6,ft,A
5/7/2025 15:25,35.98,5/7/2025 15:30,3.16,31.6,ft,A
5/7/2025 15:40,40.24,5/7/2025 15:45,3.15,31.5,ft,A
5/7/2025 16:10,38.53,5/7/2025 16:15,3.11,31.1,ft,A
5/7/2025 16:25,36.8,5/7/2025 16:30,3.1,31,ft,A
5/7/2025 16:40,38.21,5/7/2025 16:45,3.1,31,ft,A
5/7/2025 17:10,36.68,5/7/2025 17:15,3.1,31,ft,A
5/7/2025 17:25,35.71,5/7/2025 17:30,3.12,31.2,ft,A
5/7/2025 17:40,39.45,5/7/2025 17:45,3.15,31.5,ft,A
5/8/2025 7:10,39.95,5/8/2025 7:15,3.47,34.7,ft,A
5/8/2025 7:25,38.61,5/8/2025 7:30,3.48,34.8,ft,A
5/8/2025 7:40,39,5/8/2025 7:45,3.5,35,ft,A
5/8/2025 8:10,37.36,5/8/2025 8:15,3.52,35.2,ft,A
5/8/2025 8:25,38.84,5/8/2025 8:30,3.55,35.5,ft,A
5/8/2025 8:40,38.78,5/8/2025 8:45,3.55,35.5,ft,A
5/8/2025 9:10,39.86,5/8/2025 9:15,3.56,35.6,ft,A
5/8/2025 9:25,37.08,5/8/2025 9:30,3.57,35.7,ft,A
5/8/2025 9:40,38.93,5/8/2025 9:45,3.57,35.7,ft,A
5/8/2025 10:10,38.67,5/8/2025 10:15,3.57,35.7,ft,A
5/8/2025 10:25,38.32,5/8/2025 10:30,3.57,35.7,ft,A
5/8/2025 10:40,35.31,5/8/2025 10:45,3.56,35.6,ft,A
5/8/2025 11:10,37.42,5/8/2025 11:15,3.56,35.6,ft,A
5/8/2025 11:25,38,5/8/2025 11:30,3.55,35.5,ft,A
5/8/2025 11:40,36.84,5/8/2025 11:45,3.54,35.4,ft,A
5/8/2025 12:10,38.29,5/8/2025 12:15,3.53,35.3,ft,A
5/8/2025 12:25,38.34,5/8/2025 12:30,3.51,35.1,ft,A
5/8/2025 12:40,36.32,5/8/2025 12:45,3.49,34.9,ft,A
5/8/2025 13:10,38.08,5/8/2025 13:15,3.47,34.7,ft,A
5/8/2025 13:25,37.61,5/8/2025 13:30,3.44,34.4,ft,A
5/8/2025 13:40,37.32,5/8/2025 13:45,3.45,34.5,ft,A
5/8/2025 14:10,36.21,5/8/2025 14:15,3.46,34.6,ft,A
5/8/2025 14:25,36.3,5/8/2025 14:30,3.46,34.6,ft,A
5/8/2025 14:36,36.3,5/8/2025 14:30,3.46,34.6,ft,A
5/8/2025 14:40,37.56,5/8/2025 14:45,3.45,34.5,ft,A
5/8/2025 15:10,38.67,5/8/2025 15:15,3.45,34.5,ft,A
5/8/2025 15:13,38.67,5/8/2025 15:15,3.45,34.5,ft,A
5/8/2025 15:25,36.68,5/8/2025 15:30,3.46,34.6,ft,A
5/8/2025 15:40,36.32,5/8/2025 15:45,3.45,34.5,ft,A
5/8/2025 16:10,36.27,5/8/2025 16:15,3.45,34.5,ft,A
5/8/2025 16:19,36.27,5/8/2025 16:15,3.45,34.5,ft,A
5/8/2025 16:25,35.84,5/8/2025 16:30,3.45,34.5,ft,A
5/8/2025 16:40,36.64,5/8/2025 16:45,3.45,34.5,ft,A
5/8/2025 17:10,34.9,5/8/2025 17:15,3.46,34.6,ft,A
5/8/2025 17:25,33.8,5/8/2025 17:30,3.48,34.8,ft,A
5/8/2025 17:40,37.37,5/8/2025 17:45,3.48,34.8,ft,A
5/8/2025 17:44,37.37,5/8/2025 17:45,3.48,34.8,ft,A
5/9/2025 6:55,32.46,5/9/2025 7:00,3.39,33.9,ft,A
5/9/2025 7:10,32.49,5/9/2025 7:15,3.36,33.6,ft,A
5/9/2025 7:25,33.63,5/9/2025 7:30,3.4,34,ft,A
5/9/2025 7:40,34.33,5/9/2025 7:45,3.4,34,ft,A
5/9/2025 7:55,33.64,5/9/2025 8:00,3.43,34.3,ft,A
5/9/2025 8:10,32.77,5/9/2025 8:15,3.43,34.3,ft,A
5/9/2025 8:25,33.81,5/9/2025 8:30,3.4,34,ft,A
5/9/2025 8:40,32.77,5/9/2025 8:45,3.43,34.3,ft,A
5/9/2025 8:55,33.11,5/9/2025 9:00,3.44,34.4,ft,A
5/9/2025 9:10,33.33,5/9/2025 9:15,3.44,34.4,ft,A
5/9/2025 9:25,32.11,5/9/2025 9:30,3.45,34.5,ft,A
5/9/2025 9:40,32.37,5/9/2025 9:45,3.44,34.4,ft,A
5/9/2025 9:55,33.45,5/9/2025 10:00,3.44,34.4,ft,A
5/9/2025 10:10,34.18,5/9/2025 10:15,3.45,34.5,ft,A
5/9/2025 10:25,33.85,5/9/2025 10:30,3.43,34.3,ft,A
5/9/2025 10:40,33.07,5/9/2025 10:45,3.45,34.5,ft,A
5/9/2025 10:55,33.14,5/9/2025 11:00,3.44,34.4,ft,A
5/9/2025 11:10,32.47,5/9/2025 11:15,3.44,34.4,ft,A
5/9/2025 11:25,33.4,5/9/2025 11:30,3.44,34.4,ft,A
5/9/2025 11:40,33.26,5/9/2025 11:45,3.43,34.3,ft,A
5/9/2025 12:10,32.75,5/9/2025 12:15,3.43,34.3,ft,A
5/9/2025 12:25,33.14,5/9/2025 12:30,3.42,34.2,ft,A
5/9/2025 12:40,33.58,5/9/2025 12:45,3.41,34.1,ft,A
5/9/2025 12:55,31.94,5/9/2025 13:00,3.41,34.1,ft,A
5/9/2025 13:10,33.04,5/9/2025 13:15,3.39,33.9,ft,A
5/9/2025 13:25,33.56,5/9/2025 13:30,3.39,33.9,ft,A
5/9/2025 13:40,34.05,5/9/2025 13:45,3.4,34,ft,A
5/9/2025 13:55,33.65,5/9/2025 14:00,3.38,33.8,ft,A
5/9/2025 14:10,35.02,5/9/2025 14:15,3.37,33.7,ft,A
5/9/2025 14:25,34.18,5/9/2025 14:30,3.36,33.6,ft,A
5/9/2025 14:40,34.4,5/9/2025 14:45,3.34,33.4,ft,A
5/9/2025 14:55,33.81,5/9/2025 15:00,3.35,33.5,ft,A
5/9/2025 15:10,33.08,5/9/2025 15:15,3.35,33.5,ft,A
5/9/2025 15:25,33.39,5/9/2025 15:30,3.34,33.4,ft,A
5/9/2025 15:40,31.91,5/9/2025 15:45,3.34,33.4,ft,A
5/9/2025 15:55,33.39,5/9/2025 16:00,3.34,33.4,ft,A
5/9/2025 16:10,34.16,5/9/2025 16:15,3.36,33.6,ft,A
5/9/2025 16:25,32.73,5/9/2025 16:30,3.37,33.7,ft,A
5/9/2025 16:40,32.78,5/9/2025 16:45,3.36,33.6,ft,A
5/9/2025 16:55,32.7,5/9/2025 17:00,3.36,33.6,ft,A
5/9/2025 17:10,33.36,5/9/2025 17:15,3.37,33.7,ft,A
5/9/2025 17:25,33.06,5/9/2025 17:30,3.36,33.6,ft,A
5/9/2025 17:40,32.96,5/9/2025 17:45,3.38,33.8,ft,A
5/10/2025 6:55,30.97,5/10/2025 7:00,3.23,32.3,ft,A
5/10/2025 7:10,32.03,5/10/2025 7:15,3.25,32.5,ft,A
5/10/2025 7:25,32.87,5/10/2025 7:30,3.28,32.8,ft,A
5/10/2025 7:40,31.18,5/10/2025 7:45,3.31,33.1,ft,A
5/10/2025 7:55,32.56,5/10/2025 8:00,3.32,33.2,ft,A
5/10/2025 8:10,31.48,5/10/2025 8:15,3.33,33.3,ft,A
5/10/2025 8:25,33.37,5/10/2025 8:30,3.34,33.4,ft,A
5/10/2025 8:40,32.36,5/10/2025 8:45,3.34,33.4,ft,A
5/10/2025 8:55,33.06,5/10/2025 9:00,3.36,33.6,ft,A
5/10/2025 9:10,33.74,5/10/2025 9:15,3.38,33.8,ft,A
5/10/2025 9:25,31.1,5/10/2025 9:30,3.39,33.9,ft,A
5/10/2025 9:40,31.82,5/10/2025 9:45,3.41,34.1,ft,A
5/10/2025 9:55,33.12,5/10/2025 10:00,3.43,34.3,ft,A
5/10/2025 10:10,33.57,5/10/2025 10:15,3.45,34.5,ft,A
5/10/2025 10:25,33.68,5/10/2025 10:30,3.41,34.1,ft,A
5/10/2025 10:40,33.61,5/10/2025 10:45,3.46,34.6,ft,A
5/10/2025 10:55,33.67,5/10/2025 11:00,3.44,34.4,ft,A
5/10/2025 11:10,32.78,5/10/2025 11:15,3.42,34.2,ft,A
5/10/2025 11:25,33.91,5/10/2025 11:30,3.44,34.4,ft,A
5/10/2025 11:40,33.54,5/10/2025 11:45,3.42,34.2,ft,A
5/10/2025 11:55,32.8,5/10/2025 12:00,3.41,34.1,ft,A
5/10/2025 12:10,32.85,5/10/2025 12:15,3.42,34.2,ft,A
5/10/2025 12:25,33.23,5/10/2025 12:30,3.4,34,ft,A
5/10/2025 12:40,32.98,5/10/2025 12:45,3.39,33.9,ft,A
5/10/2025 12:55,32.59,5/10/2025 13:00,3.37,33.7,ft,A
5/10/2025 13:10,32.34,5/10/2025 13:15,3.39,33.9,ft,A
5/10/2025 13:25,33.36,5/10/2025 13:30,3.37,33.7,ft,A
5/10/2025 13:40,32.91,5/10/2025 13:45,3.36,33.6,ft,A
5/10/2025 13:55,33.03,5/10/2025 14:00,3.35,33.5,ft,A
5/10/2025 14:10,33.52,5/10/2025 14:15,3.3,33,ft,A
5/10/2025 14:25,34.32,5/10/2025 14:30,3.3,33,ft,A
5/10/2025 14:40,34.15,5/10/2025 14:45,3.28,32.8,ft,A
5/10/2025 14:55,32.03,5/10/2025 15:00,3.29,32.9,ft,A
5/10/2025 15:10,33.43,5/10/2025 15:15,3.27,32.7,ft,A
5/10/2025 15:25,33.17,5/10/2025 15:30,3.3,33,ft,A
5/10/2025 15:40,32.98,5/10/2025 15:45,3.28,32.8,ft,A
5/10/2025 15:55,33.06,5/10/2025 16:00,3.28,32.8,ft,A
5/10/2025 16:10,33.37,5/10/2025 16:15,3.25,32.5,ft,A
5/10/2025 16:25,32.87,5/10/2025 16:30,3.26,32.6,ft,A
5/10/2025 16:40,33.82,5/10/2025 16:45,3.27,32.7,ft,A
5/10/2025 16:55,33.41,5/10/2025 17:00,3.27,32.7,ft,A
5/10/2025 17:10,33.58,5/10/2025 17:15,3.26,32.6,ft,A
5/10/2025 17:25,33.71,5/10/2025 17:30,3.27,32.7,ft,A
5/10/2025 17:40,32.84,5/10/2025 17:45,3.28,32.8,ft,A
5/11/2025 6:55,31.52,5/11/2025 7:00,3.1,31,ft,A
5/11/2025 7:10,31.82,5/11/2025 7:15,3.13,31.3,ft,A
5/11/2025 7:10,31.82,5/11/2025 7:15,3.13,31.3,ft,A
5/11/2025 7:12,31.82,5/11/2025 7:15,3.13,31.3,ft,A
5/11/2025 7:25,32.25,5/11/2025 7:30,3.16,31.6,ft,A
5/11/2025 7:39,32.62,5/11/2025 7:45,3.18,31.8,ft,A
5/11/2025 7:40,32.62,5/11/2025 7:45,3.18,31.8,ft,A
5/11/2025 7:55,31.97,5/11/2025 8:00,3.21,32.1,ft,A
5/11/2025 8:10,31.61,5/11/2025 8:15,3.23,32.3,ft,A
5/11/2025 8:25,32.18,5/11/2025 8:30,3.26,32.6,ft,A
5/11/2025 8:40,33.9,5/11/2025 8:45,3.29,32.9,ft,A
5/11/2025 8:55,32.26,5/11/2025 9:00,3.32,33.2,ft,A
5/11/2025 9:10,32.72,5/11/2025 9:15,3.33,33.3,ft,A
5/11/2025 9:25,31.45,5/11/2025 9:30,3.34,33.4,ft,A
5/11/2025 9:40,31,5/11/2025 9:45,3.35,33.5,ft,A
5/11/2025 9:55,30.77,5/11/2025 10:00,3.36,33.6,ft,A
5/11/2025 10:10,31.56,5/11/2025 10:15,3.36,33.6,ft,A
5/11/2025 10:25,32.28,5/11/2025 10:30,3.38,33.8,ft,A
5/11/2025 10:40,32.92,5/11/2025 10:45,3.39,33.9,ft,A
5/11/2025 10:55,31.53,5/11/2025 11:00,3.37,33.7,ft,A
5/11/2025 11:10,31.58,5/11/2025 11:15,3.4,34,ft,A
5/11/2025 11:25,32.48,5/11/2025 11:30,3.4,34,ft,A
5/11/2025 11:40,32,5/11/2025 11:45,3.41,34.1,ft,A
5/11/2025 11:55,32.76,5/11/2025 12:00,3.4,34,ft,A
5/11/2025 12:10,33.78,5/11/2025 12:15,3.41,34.1,ft,A
5/11/2025 12:25,31.6,5/11/2025 12:30,3.38,33.8,ft,A
5/11/2025 12:40,32.41,5/11/2025 12:45,3.4,34,ft,A
5/11/2025 12:55,30.79,5/11/2025 13:00,3.4,34,ft,A
5/11/2025 13:10,31.97,5/11/2025 13:15,3.35,33.5,ft,A
5/11/2025 13:25,30.62,5/11/2025 13:30,3.37,33.7,ft,A
5/11/2025 13:40,32.11,5/11/2025 13:45,3.38,33.8,ft,A
5/11/2025 13:55,30.17,5/11/2025 14:00,3.35,33.5,ft,A
5/11/2025 14:10,32.3,5/11/2025 14:15,3.36,33.6,ft,A
5/11/2025 14:25,31.79,5/11/2025 14:30,3.36,33.6,ft,A
5/11/2025 14:40,30.96,5/11/2025 14:45,3.33,33.3,ft,A
5/11/2025 14:55,32.39,5/11/2025 15:00,3.33,33.3,ft,A
5/11/2025 15:10,31.75,5/11/2025 15:15,3.34,33.4,ft,A
5/11/2025 15:25,32.07,5/11/2025 15:30,3.33,33.3,ft,A
5/11/2025 15:40,33.84,5/11/2025 15:45,3.34,33.4,ft,A
5/11/2025 15:45,33.84,5/11/2025 15:45,3.34,33.4,ft,A
5/11/2025 15:50,33.84,5/11/2025 15:45,3.34,33.4,ft,A
5/11/2025 15:55,31.62,5/11/2025 16:00,3.33,33.3,ft,A
5/11/2025 16:10,32.37,5/11/2025 16:15,3.33,33.3,ft,A
5/11/2025 16:25,31.96,5/11/2025 16:30,3.33,33.3,ft,A
5/11/2025 16:40,32.56,5/11/2025 16:45,3.33,33.3,ft,A
5/11/2025 16:55,30.57,5/11/2025 17:00,3.35,33.5,ft,A
5/11/2025 17:10,31.06,5/11/2025 17:15,3.35,33.5,ft,A
5/11/2025 17:25,32.88,5/11/2025 17:30,3.37,33.7,ft,A
5/11/2025 17:40,31.21,5/11/2025 17:45,3.36,33.6,ft,A
5/12/2025 6:55,31.09,5/12/2025 7:00,3.06,30.6,ft,A
5/12/2025 7:10,31.03,5/12/2025 7:15,3.11,31.1,ft,A
5/12/2025 7:25,31.57,5/12/2025 7:30,3.15,31.5,ft,A
5/12/2025 7:40,30.63,5/12/2025 7:45,3.17,31.7,ft,A
5/12/2025 7:55,31.53,5/12/2025 8:00,3.2,32,ft,A
5/12/2025 8:10,31.32,5/12/2025 8:15,3.22,32.2,ft,A
5/12/2025 8:25,32.95,5/12/2025 8:30,3.24,32.4,ft,A
5/12/2025 8:40,30.68,5/12/2025 8:45,3.27,32.7,ft,A
5/12/2025 8:55,31.89,5/12/2025 9:00,3.3,33,ft,A
5/12/2025 9:10,31.4,5/12/2025 9:15,3.31,33.1,ft,A
5/12/2025 9:25,32.16,5/12/2025 9:30,3.33,33.3,ft,A
5/12/2025 9:40,31.17,5/12/2025 9:45,3.35,33.5,ft,A
5/12/2025 9:55,31,5/12/2025 10:00,3.37,33.7,ft,A
5/12/2025 10:10,31.96,5/12/2025 10:15,3.37,33.7,ft,A
5/12/2025 10:25,33.32,5/12/2025 10:30,3.39,33.9,ft,A
5/12/2025 10:40,31.67,5/12/2025 10:45,3.4,34,ft,A
5/12/2025 10:55,32,5/12/2025 11:00,3.4,34,ft,A
5/12/2025 11:10,31.52,5/12/2025 11:15,3.4,34,ft,A
5/12/2025 11:25,31.99,5/12/2025 11:30,3.42,34.2,ft,A
5/12/2025 11:40,32.73,5/12/2025 11:45,3.41,34.1,ft,A
5/12/2025 11:55,32.12,5/12/2025 12:00,3.42,34.2,ft,A
5/12/2025 12:10,31.09,5/12/2025 12:15,3.47,34.7,ft,A
5/12/2025 12:25,30.74,5/12/2025 12:30,3.44,34.4,ft,A
5/12/2025 12:40,31.89,5/12/2025 12:45,3.44,34.4,ft,A
5/12/2025 12:55,32.19,5/12/2025 13:00,3.43,34.3,ft,A
5/12/2025 13:10,32.03,5/12/2025 13:15,3.41,34.1,ft,A
5/12/2025 13:25,31.1,5/12/2025 13:30,3.42,34.2,ft,A
5/12/2025 13:40,31.2,5/12/2025 13:45,3.41,34.1,ft,A
5/12/2025 13:55,31.44,5/12/2025 14:00,3.41,34.1,ft,A
5/12/2025 14:10,30.98,5/12/2025 14:15,3.39,33.9,ft,A
5/12/2025 14:25,32.1,5/12/2025 14:30,3.4,34,ft,A
5/12/2025 14:36,32.1,5/12/2025 14:30,3.4,34,ft,A
5/12/2025 14:40,31.63,5/12/2025 14:45,3.37,33.7,ft,A
5/12/2025 14:55,32.1,5/12/2025 15:00,3.37,33.7,ft,A
5/12/2025 15:10,30.82,5/12/2025 15:15,3.36,33.6,ft,A
5/12/2025 15:25,31.32,5/12/2025 15:30,3.37,33.7,ft,A
5/12/2025 15:40,31.72,5/12/2025 15:45,3.34,33.4,ft,A
5/12/2025 15:55,31.46,5/12/2025 16:00,3.32,33.2,ft,A
5/12/2025 16:10,32.32,5/12/2025 16:15,3.35,33.5,ft,A
5/12/2025 16:25,32.07,5/12/2025 16:30,3.31,33.1,ft,A
5/12/2025 16:40,32.59,5/12/2025 16:45,3.31,33.1,ft,A
5/12/2025 16:55,31.68,5/12/2025 17:00,3.33,33.3,ft,A
5/12/2025 17:10,32.34,5/12/2025 17:15,3.33,33.3,ft,A
5/12/2025 17:25,31.63,5/12/2025 17:30,3.33,33.3,ft,A
5/12/2025 17:40,31.4,5/12/2025 17:45,3.31,33.1,ft,A
5/13/2025 6:55,32.03,5/13/2025 7:00,3.08,30.8,ft,A
5/13/2025 7:10,32.1,5/13/2025 7:15,3.11,31.1,ft,A
5/13/2025 7:25,32.45,5/13/2025 7:30,3.15,31.5,ft,A
5/13/2025 7:40,32.44,5/13/2025 7:45,3.19,31.9,ft,A
5/13/2025 7:55,31.82,5/13/2025 8:00,3.21,32.1,ft,A
5/13/2025 8:10,32.56,5/13/2025 8:15,3.24,32.4,ft,A
5/13/2025 8:25,32.06,5/13/2025 8:30,3.27,32.7,ft,A
5/13/2025 8:40,32.52,5/13/2025 8:45,3.26,32.6,ft,A
5/13/2025 8:55,32.39,5/13/2025 9:00,3.27,32.7,ft,A
5/13/2025 9:10,32.62,5/13/2025 9:15,3.31,33.1,ft,A
5/13/2025 9:25,32.25,5/13/2025 9:30,3.31,33.1,ft,A
5/13/2025 9:40,33.63,5/13/2025 9:45,3.34,33.4,ft,A
5/13/2025 9:55,32.94,5/13/2025 10:00,3.36,33.6,ft,A
5/13/2025 10:10,31.88,5/13/2025 10:15,3.38,33.8,ft,A
5/13/2025 10:25,33.12,5/13/2025 10:30,3.4,34,ft,A
5/13/2025 10:40,32.8,5/13/2025 10:45,3.4,34,ft,A
5/13/2025 10:55,33.14,5/13/2025 11:00,3.43,34.3,ft,A
5/13/2025 11:10,33.61,5/13/2025 11:15,3.42,34.2,ft,A
5/13/2025 11:25,32.86,5/13/2025 11:30,3.45,34.5,ft,A
5/13/2025 11:25,32.86,5/13/2025 11:30,3.45,34.5,ft,A
5/13/2025 11:35,32.86,5/13/2025 11:30,3.45,34.5,ft,A
5/13/2025 11:40,32.56,5/13/2025 11:45,3.46,34.6,ft,A
5/13/2025 11:55,32.75,5/13/2025 12:00,3.46,34.6,ft,A
5/13/2025 12:10,33.57,5/13/2025 12:15,3.5,35,ft,A
5/13/2025 12:25,32.29,5/13/2025 12:30,3.49,34.9,ft,A
5/13/2025 12:40,33.04,5/13/2025 12:45,3.5,35,ft,A
5/13/2025 12:55,32.21,5/13/2025 13:00,3.49,34.9,ft,A
5/13/2025 13:10,33.01,5/13/2025 13:15,3.49,34.9,ft,A
5/13/2025 13:25,33.16,5/13/2025 13:30,3.51,35.1,ft,A
5/13/2025 13:40,31.91,5/13/2025 13:45,3.52,35.2,ft,A
5/13/2025 13:55,32.48,5/13/2025 14:00,3.51,35.1,ft,A
5/13/2025 14:10,31.41,5/13/2025 14:15,3.53,35.3,ft,A
5/13/2025 14:25,32.51,5/13/2025 14:30,3.55,35.5,ft,A
5/13/2025 14:40,30.99,5/13/2025 14:45,3.53,35.3,ft,A
5/13/2025 14:55,33.02,5/13/2025 15:00,3.52,35.2,ft,A
5/13/2025 15:10,34.19,5/13/2025 15:15,3.51,35.1,ft,A
5/13/2025 15:25,32.32,5/13/2025 15:30,3.52,35.2,ft,A
5/13/2025 15:40,32,5/13/2025 15:45,3.53,35.3,ft,A
5/13/2025 15:55,32.03,5/13/2025 16:00,3.52,35.2,ft,A
5/13/2025 16:10,32.43,5/13/2025 16:15,3.51,35.1,ft,A
5/13/2025 16:25,32.24,5/13/2025 16:30,3.54,35.4,ft,A
5/13/2025 16:40,31.91,5/13/2025 16:45,3.5,35,ft,A
5/13/2025 16:55,32.54,5/13/2025 17:00,3.52,35.2,ft,A
5/13/2025 17:10,31.93,5/13/2025 17:15,3.52,35.2,ft,A
5/13/2025 17:25,31.85,5/13/2025 17:30,3.51,35.1,ft,A
5/13/2025 17:40,32.72,5/13/2025 17:45,3.52,35.2,ft,A
5/14/2025 6:55,31.01,5/14/2025 7:00,3.21,32.1,ft,A
5/14/2025 7:10,32.16,5/14/2025 7:15,3.26,32.6,ft,A
5/14/2025 7:25,33.42,5/14/2025 7:30,3.25,32.5,ft,A
5/14/2025 7:40,32.24,5/14/2025 7:45,3.27,32.7,ft,A
5/14/2025 7:55,31.91,5/14/2025 8:00,3.31,33.1,ft,A
5/14/2025 8:10,33.89,5/14/2025 8:15,3.33,33.3,ft,A
5/14/2025 8:25,31.62,5/14/2025 8:30,3.33,33.3,ft,A
5/14/2025 8:40,33.87,5/14/2025 8:45,3.38,33.8,ft,A
5/14/2025 8:55,31.91,5/14/2025 9:00,3.4,34,ft,A
5/14/2025 9:10,32.07,5/14/2025 9:15,3.44,34.4,ft,A
5/14/2025 9:25,32.73,5/14/2025 9:30,3.43,34.3,ft,A
5/14/2025 9:33,32.73,5/14/2025 9:30,3.43,34.3,ft,A
5/14/2025 9:40,33.64,5/14/2025 9:45,3.45,34.5,ft,A
5/14/2025 9:55,32.58,5/14/2025 10:00,3.49,34.9,ft,A
5/14/2025 10:10,32.56,5/14/2025 10:15,3.51,35.1,ft,A
5/14/2025 10:25,32.13,5/14/2025 10:30,3.53,35.3,ft,A
5/14/2025 10:40,33.35,5/14/2025 10:45,3.57,35.7,ft,A
5/14/2025 10:50,33.35,5/14/2025 10:45,3.57,35.7,ft,A
5/14/2025 11:10,33.2,5/14/2025 11:15,3.61,36.1,ft,A
5/14/2025 11:15,33.2,5/14/2025 11:15,3.61,36.1,ft,A
5/14/2025 11:25,31.54,5/14/2025 11:30,3.61,36.1,ft,A
5/14/2025 11:27,31.54,5/14/2025 11:30,3.61,36.1,ft,A
5/14/2025 11:35,31.54,5/14/2025 11:30,3.61,36.1,ft,A
5/14/2025 11:36,31.54,5/14/2025 11:30,3.61,36.1,ft,A
5/14/2025 11:40,33.1,5/14/2025 11:45,3.65,36.5,ft,A
5/14/2025 11:41,33.1,5/14/2025 11:45,3.65,36.5,ft,A
5/14/2025 11:55,32.37,5/14/2025 12:00,3.65,36.5,ft,A
5/14/2025 11:59,32.37,5/14/2025 12:00,3.65,36.5,ft,A
5/14/2025 12:02,32.37,5/14/2025 12:00,3.65,36.5,ft,A
5/14/2025 12:10,33.36,5/14/2025 12:15,3.65,36.5,ft,A
5/14/2025 12:25,33.79,5/14/2025 12:30,3.67,36.7,ft,A
5/14/2025 12:29,33.79,5/14/2025 12:30,3.67,36.7,ft,A
5/14/2025 12:40,32.78,5/14/2025 12:45,3.66,36.6,ft,A
5/14/2025 12:43,32.78,5/14/2025 12:45,3.66,36.6,ft,A
5/14/2025 12:54,32.54,5/14/2025 13:00,3.68,36.8,ft,A
5/14/2025 12:55,32.54,5/14/2025 13:00,3.68,36.8,ft,A
5/14/2025 13:03,32.54,5/14/2025 13:00,3.68,36.8,ft,A
5/14/2025 13:10,36.09,5/14/2025 13:15,3.68,36.8,ft,A
5/14/2025 13:25,33.61,5/14/2025 13:30,3.68,36.8,ft,A
5/14/2025 13:36,33.61,5/14/2025 13:30,3.68,36.8,ft,A
5/14/2025 13:40,32.68,5/14/2025 13:45,3.68,36.8,ft,A
5/14/2025 13:48,32.68,5/14/2025 13:45,3.68,36.8,ft,A
5/14/2025 13:55,32.57,5/14/2025 14:00,3.69,36.9,ft,A
5/14/2025 14:10,32.78,5/14/2025 14:15,3.68,36.8,ft,A
5/14/2025 14:25,32.91,5/14/2025 14:30,3.67,36.7,ft,A
5/14/2025 14:35,32.91,5/14/2025 14:30,3.67,36.7,ft,A
5/14/2025 14:40,32.52,5/14/2025 14:45,3.66,36.6,ft,A
5/14/2025 14:47,32.52,5/14/2025 14:45,3.66,36.6,ft,A
5/14/2025 14:55,32.85,5/14/2025 15:00,3.68,36.8,ft,A
5/14/2025 15:10,32.7,5/14/2025 15:15,3.68,36.8,ft,A
5/14/2025 15:17,32.7,5/14/2025 15:15,3.68,36.8,ft,A
5/14/2025 15:25,32.59,5/14/2025 15:30,3.67,36.7,ft,A
5/14/2025 15:27,32.59,5/14/2025 15:30,3.67,36.7,ft,A
5/14/2025 15:40,33.69,5/14/2025 15:45,3.68,36.8,ft,A
5/14/2025 15:40,33.69,5/14/2025 15:45,3.68,36.8,ft,A
5/14/2025 16:10,32.83,5/14/2025 16:15,3.66,36.6,ft,A
5/14/2025 16:16,32.83,5/14/2025 16:15,3.66,36.6,ft,A
5/14/2025 16:25,32.32,5/14/2025 16:30,3.66,36.6,ft,A
5/14/2025 16:40,31.87,5/14/2025 16:45,3.63,36.3,ft,A
5/14/2025 16:55,33.15,5/14/2025 17:00,3.66,36.6,ft,A
5/14/2025 17:04,33.15,5/14/2025 17:00,3.66,36.6,ft,A
5/14/2025 17:10,33.48,5/14/2025 17:15,3.63,36.3,ft,A
5/14/2025 17:25,32.53,5/14/2025 17:30,3.63,36.3,ft,A
5/14/2025 17:40,32.68,5/14/2025 17:45,3.64,36.4,ft,A
5/15/2025 6:55,32.51,5/15/2025 7:00,3.12,31.2,ft,A
5/15/2025 7:10,31.53,5/15/2025 7:15,3.15,31.5,ft,A
5/15/2025 7:25,31.8,5/15/2025 7:30,3.15,31.5,ft,A
5/15/2025 7:40,31.77,5/15/2025 7:45,3.17,31.7,ft,A
5/15/2025 7:55,32.05,5/15/2025 8:00,3.19,31.9,ft,A
5/15/2025 8:10,31.48,5/15/2025 8:15,3.2,32,ft,A
5/15/2025 8:25,32.59,5/15/2025 8:30,3.24,32.4,ft,A
5/15/2025 8:40,34.19,5/15/2025 8:45,3.27,32.7,ft,A
5/15/2025 8:55,31.94,5/15/2025 9:00,3.3,33,ft,A
5/15/2025 9:10,32.24,5/15/2025 9:15,3.32,33.2,ft,A
5/15/2025 9:25,33.38,5/15/2025 9:30,3.36,33.6,ft,A
5/15/2025 9:40,33.29,5/15/2025 9:45,3.37,33.7,ft,A
5/15/2025 9:55,32.16,5/15/2025 10:00,3.4,34,ft,A
5/15/2025 10:10,31.89,5/15/2025 10:15,3.42,34.2,ft,A
5/15/2025 10:25,33.59,5/15/2025 10:30,3.42,34.2,ft,A
5/15/2025 10:40,32.62,5/15/2025 10:45,3.48,34.8,ft,A
5/15/2025 10:55,33.59,5/15/2025 11:00,3.48,34.8,ft,A
5/15/2025 11:10,35.2,5/15/2025 11:15,3.52,35.2,ft,A
5/15/2025 11:25,33.56,5/15/2025 11:30,3.54,35.4,ft,A
5/15/2025 11:40,34.02,5/15/2025 11:45,3.54,35.4,ft,A
5/15/2025 11:55,33.18,5/15/2025 12:00,3.54,35.4,ft,A
5/15/2025 12:09,33.77,5/15/2025 12:15,3.58,35.8,ft,A
5/15/2025 12:10,33.77,5/15/2025 12:15,3.58,35.8,ft,A
5/15/2025 12:25,32.68,5/15/2025 12:30,3.57,35.7,ft,A
5/15/2025 12:39,33.59,5/15/2025 12:45,3.6,36,ft,A
5/15/2025 12:40,33.59,5/15/2025 12:45,3.6,36,ft,A
5/15/2025 13:10,32.77,5/15/2025 13:15,3.6,36,ft,A
5/15/2025 13:25,32.82,5/15/2025 13:30,3.61,36.1,ft,A
5/15/2025 13:40,33.59,5/15/2025 13:45,3.65,36.5,ft,A
5/15/2025 13:55,33.5,5/15/2025 14:00,3.64,36.4,ft,A
5/15/2025 14:10,31.92,5/15/2025 14:15,3.64,36.4,ft,A
5/15/2025 14:25,32.74,5/15/2025 14:30,3.65,36.5,ft,A
5/15/2025 14:40,33.07,5/15/2025 14:45,3.66,36.6,ft,A
5/15/2025 14:40,33.07,5/15/2025 14:45,3.66,36.6,ft,A
5/15/2025 14:48,33.07,5/15/2025 14:45,3.66,36.6,ft,A
5/15/2025 14:55,32.53,5/15/2025 15:00,3.65,36.5,ft,A
5/15/2025 15:10,32.73,5/15/2025 15:15,3.64,36.4,ft,A
5/15/2025 15:25,32.78,5/15/2025 15:30,3.64,36.4,ft,A
5/15/2025 15:40,33.8,5/15/2025 15:45,3.59,35.9,ft,A
5/15/2025 15:55,32.35,5/15/2025 16:00,3.64,36.4,ft,A
5/15/2025 16:10,32.75,5/15/2025 16:15,3.61,36.1,ft,A
5/15/2025 16:25,33.42,5/15/2025 16:30,3.64,36.4,ft,A
5/15/2025 16:40,34.21,5/15/2025 16:45,3.62,36.2,ft,A
5/15/2025 16:55,32.56,5/15/2025 17:00,3.59,35.9,ft,A
5/15/2025 17:10,32.61,5/15/2025 17:15,3.58,35.8,ft,A
5/15/2025 17:25,33.73,5/15/2025 17:30,3.58,35.8,ft,A
5/15/2025 17:40,31.27,5/15/2025 17:45,3.57,35.7,ft,A
5/16/2025 6:55,32.05,5/16/2025 7:00,3.01,30.1,ft,A
5/16/2025 7:10,32.74,5/16/2025 7:15,3.01,30.1,ft,A
5/16/2025 7:25,32.48,5/16/2025 7:30,3.03,30.3,ft,A
5/16/2025 7:40,31.73,5/16/2025 7:45,3.06,30.6,ft,A
5/16/2025 7:55,33.42,5/16/2025 8:00,3.05,30.5,ft,A
5/16/2025 8:11,33.74,5/16/2025 8:15,3.07,30.7,ft,A
5/16/2025 8:26,32.83,5/16/2025 8:30,3.1,31,ft,A
5/16/2025 8:40,33.79,5/16/2025 8:45,3.09,30.9,ft,A
5/16/2025 9:11,32.9,5/16/2025 9:15,3.14,31.4,ft,A
5/16/2025 9:26,32.94,5/16/2025 9:30,3.18,31.8,ft,A
5/16/2025 9:41,33.85,5/16/2025 9:45,3.21,32.1,ft,A
5/16/2025 9:56,32.37,5/16/2025 10:00,3.25,32.5,ft,A
5/16/2025 10:11,33.89,5/16/2025 10:15,3.26,32.6,ft,A
5/16/2025 10:26,33.46,5/16/2025 10:30,3.29,32.9,ft,A
5/16/2025 10:41,39.19,5/16/2025 10:45,3.3,33,ft,A
5/16/2025 10:56,33.35,5/16/2025 11:00,3.35,33.5,ft,A
5/16/2025 11:11,33.06,5/16/2025 11:15,3.37,33.7,ft,A
5/16/2025 11:17,33.06,5/16/2025 11:15,3.37,33.7,ft,A
5/16/2025 11:26,33.29,5/16/2025 11:30,3.41,34.1,ft,A
5/16/2025 11:41,34.49,5/16/2025 11:45,3.4,34,ft,A
5/16/2025 11:56,33.9,5/16/2025 12:00,3.43,34.3,ft,A
5/16/2025 12:11,33.83,5/16/2025 12:15,3.47,34.7,ft,A
5/16/2025 12:26,33.56,5/16/2025 12:30,3.47,34.7,ft,A
5/16/2025 12:41,33.64,5/16/2025 12:45,3.49,34.9,ft,A
5/16/2025 12:56,33.62,5/16/2025 13:00,3.47,34.7,ft,A
5/16/2025 13:11,32.63,5/16/2025 13:15,3.49,34.9,ft,A
5/16/2025 13:26,32.55,5/16/2025 13:30,3.52,35.2,ft,A
5/16/2025 13:41,34.75,5/16/2025 13:45,3.53,35.3,ft,A
5/16/2025 13:56,33.57,5/16/2025 14:00,3.53,35.3,ft,A
5/16/2025 14:11,33.53,5/16/2025 14:15,3.53,35.3,ft,A
5/16/2025 14:26,32.4,5/16/2025 14:30,3.55,35.5,ft,A
5/16/2025 14:41,33.59,5/16/2025 14:45,3.54,35.4,ft,A
5/16/2025 14:56,33.94,5/16/2025 15:00,3.55,35.5,ft,A
5/16/2025 15:11,32.81,5/16/2025 15:15,3.54,35.4,ft,A
5/16/2025 15:26,33.72,5/16/2025 15:30,3.54,35.4,ft,A
5/16/2025 15:41,31.97,5/16/2025 15:45,3.53,35.3,ft,A
5/16/2025 15:56,33.55,5/16/2025 16:00,3.54,35.4,ft,A
5/16/2025 16:11,33.31,5/16/2025 16:15,3.52,35.2,ft,A
5/16/2025 16:26,33.22,5/16/2025 16:30,3.53,35.3,ft,A
5/16/2025 16:41,32.62,5/16/2025 16:45,3.51,35.1,ft,A
5/16/2025 17:11,33.48,5/16/2025 17:15,3.47,34.7,ft,A
5/16/2025 17:26,34.65,5/16/2025 17:30,3.49,34.9,ft,A
5/16/2025 17:41,34.72,5/16/2025 17:45,3.47,34.7,ft,A
5/17/2025 6:56,32.78,5/17/2025 7:00,2.81,28.1,ft,A
5/17/2025 7:11,31.82,5/17/2025 7:15,2.8,28,ft,A
5/17/2025 7:26,32.22,5/17/2025 7:30,2.82,28.2,ft,A
5/17/2025 7:41,32.59,5/17/2025 7:45,2.8,28,ft,A
5/17/2025 7:56,32.92,5/17/2025 8:00,2.78,27.8,ft,A
5/17/2025 8:11,34.76,5/17/2025 8:15,2.79,27.9,ft,A
5/17/2025 8:26,32.35,5/17/2025 8:30,2.82,28.2,ft,A
5/17/2025 8:41,33.87,5/17/2025 8:45,2.82,28.2,ft,A
5/17/2025 8:56,33.44,5/17/2025 9:00,2.86,28.6,ft,A
5/17/2025 9:11,31.51,5/17/2025 9:15,2.87,28.7,ft,A
5/17/2025 9:26,33.86,5/17/2025 9:30,2.84,28.4,ft,A
5/17/2025 9:41,33.01,5/17/2025 9:45,2.91,29.1,ft,A
5/17/2025 10:11,33.24,5/17/2025 10:15,2.96,29.6,ft,A
5/17/2025 10:26,33.34,5/17/2025 10:30,2.99,29.9,ft,A
5/17/2025 10:41,33.23,5/17/2025 10:45,3,30,ft,A
5/17/2025 11:11,32.96,5/17/2025 11:15,3.03,30.3,ft,A
5/17/2025 11:26,34,5/17/2025 11:30,3.05,30.5,ft,A
5/17/2025 11:41,34.49,5/17/2025 11:45,3.08,30.8,ft,A
5/17/2025 12:11,34.76,5/17/2025 12:15,3.1,31,ft,A
5/17/2025 12:26,33.69,5/17/2025 12:30,3.15,31.5,ft,A
5/17/2025 12:41,33.02,5/17/2025 12:45,3.15,31.5,ft,A
5/17/2025 13:11,35.99,5/17/2025 13:15,3.22,32.2,ft,A
5/17/2025 13:26,33.52,5/17/2025 13:30,3.2,32,ft,A
5/17/2025 13:41,33.11,5/17/2025 13:45,3.2,32,ft,A
5/17/2025 13:56,33.44,5/17/2025 14:00,3.2,32,ft,A
5/17/2025 14:11,33.61,5/17/2025 14:15,3.24,32.4,ft,A
5/17/2025 14:26,34.28,5/17/2025 14:30,3.25,32.5,ft,A
5/17/2025 14:41,33.47,5/17/2025 14:45,3.26,32.6,ft,A
5/17/2025 15:11,33.8,5/17/2025 15:15,3.28,32.8,ft,A
5/17/2025 15:26,33.71,5/17/2025 15:30,3.28,32.8,ft,A
5/17/2025 15:41,33.77,5/17/2025 15:45,3.29,32.9,ft,A
5/17/2025 15:56,33.4,5/17/2025 16:00,3.29,32.9,ft,A
5/17/2025 16:11,33.07,5/17/2025 16:15,3.28,32.8,ft,A
5/17/2025 16:26,33.57,5/17/2025 16:30,3.32,33.2,ft,A
5/17/2025 16:41,33.1,5/17/2025 16:45,3.31,33.1,ft,A
5/17/2025 16:56,33,5/17/2025 17:00,3.31,33.1,ft,A
5/17/2025 17:11,33.37,5/17/2025 17:15,3.31,33.1,ft,A
5/17/2025 17:26,33.36,5/17/2025 17:30,3.32,33.2,ft,A
5/17/2025 17:41,33.64,5/17/2025 17:45,3.3,33,ft,A
5/18/2025 6:56,33.35,5/18/2025 7:00,2.73,27.3,ft,A
5/18/2025 7:11,32.14,5/18/2025 7:15,2.68,26.8,ft,A
5/18/2025 7:26,32.63,5/18/2025 7:30,2.65,26.5,ft,A
5/18/2025 7:41,32.17,5/18/2025 7:45,2.65,26.5,ft,A
5/18/2025 7:56,33.21,5/18/2025 8:00,2.65,26.5,ft,A
5/18/2025 8:11,32.05,5/18/2025 8:15,2.64,26.4,ft,A
5/18/2025 8:26,33.43,5/18/2025 8:30,2.66,26.6,ft,A
5/18/2025 8:41,31.77,5/18/2025 8:45,2.62,26.2,ft,A
5/18/2025 8:56,33.28,5/18/2025 9:00,2.65,26.5,ft,A
5/18/2025 9:11,33.42,5/18/2025 9:15,2.67,26.7,ft,A
5/18/2025 9:26,34.32,5/18/2025 9:30,2.68,26.8,ft,A
5/18/2025 9:41,33.21,5/18/2025 9:45,2.73,27.3,ft,A
5/18/2025 9:56,33.38,5/18/2025 10:00,2.73,27.3,ft,A
5/18/2025 10:11,38.04,5/18/2025 10:15,2.77,27.7,ft,A
5/18/2025 10:21,38.04,5/18/2025 10:15,2.77,27.7,ft,A
5/18/2025 10:26,34.49,5/18/2025 10:30,2.79,27.9,ft,A
5/18/2025 10:41,33.97,5/18/2025 10:45,2.84,28.4,ft,A
5/18/2025 11:11,35.11,5/18/2025 11:15,2.89,28.9,ft,A
5/18/2025 11:26,35.26,5/18/2025 11:30,2.94,29.4,ft,A
5/18/2025 11:41,34.03,5/18/2025 11:45,3.02,30.2,ft,A
5/18/2025 12:11,37.09,5/18/2025 12:15,3.04,30.4,ft,A
5/18/2025 12:26,35.03,5/18/2025 12:30,3.07,30.7,ft,A
5/18/2025 12:41,34.31,5/18/2025 12:45,3.11,31.1,ft,A
5/18/2025 13:11,34.96,5/18/2025 13:15,3.17,31.7,ft,A
5/18/2025 13:26,34.48,5/18/2025 13:30,3.18,31.8,ft,A
5/18/2025 13:41,34.53,5/18/2025 13:45,3.26,32.6,ft,A
5/18/2025 14:11,34.63,5/18/2025 14:15,3.28,32.8,ft,A
5/18/2025 14:26,35.05,5/18/2025 14:30,3.31,33.1,ft,A
5/18/2025 14:41,33.73,5/18/2025 14:45,3.32,33.2,ft,A
5/18/2025 14:56,33.68,5/18/2025 15:00,3.34,33.4,ft,A
5/18/2025 15:11,34.58,5/18/2025 15:15,3.37,33.7,ft,A
5/18/2025 15:26,34.42,5/18/2025 15:30,3.36,33.6,ft,A
5/18/2025 15:41,35.17,5/18/2025 15:45,3.37,33.7,ft,A
5/18/2025 16:11,35.09,5/18/2025 16:15,3.38,33.8,ft,A
5/18/2025 16:26,34,5/18/2025 16:30,3.38,33.8,ft,A
5/18/2025 16:41,34.68,5/18/2025 16:45,3.37,33.7,ft,A
5/18/2025 17:11,33.22,5/18/2025 17:15,3.38,33.8,ft,A
5/18/2025 17:26,33.96,5/18/2025 17:30,3.4,34,ft,A
5/18/2025 17:41,36.21,5/18/2025 17:45,3.4,34,ft,A
5/19/2025 6:56,31.62,5/19/2025 7:00,2.92,29.2,ft,A
5/19/2025 7:11,32.33,5/19/2025 7:15,2.93,29.3,ft,A
5/19/2025 7:26,31.75,5/19/2025 7:30,2.92,29.2,ft,A
5/19/2025 7:41,32.58,5/19/2025 7:45,2.91,29.1,ft,A
5/19/2025 7:56,32.95,5/19/2025 8:00,2.9,29,ft,A
5/19/2025 8:11,31.73,5/19/2025 8:15,2.88,28.8,ft,A
5/19/2025 8:26,32.78,5/19/2025 8:30,2.88,28.8,ft,A
5/19/2025 8:41,32.09,5/19/2025 8:45,2.86,28.6,ft,A
5/19/2025 8:56,31.95,5/19/2025 9:00,2.89,28.9,ft,A
5/19/2025 9:11,33,5/19/2025 9:15,2.91,29.1,ft,A
5/19/2025 9:26,32.87,5/19/2025 9:30,2.92,29.2,ft,A
5/19/2025 9:41,34.43,5/19/2025 9:45,2.93,29.3,ft,A
5/19/2025 9:56,33.82,5/19/2025 10:00,2.95,29.5,ft,A
5/19/2025 10:11,32.66,5/19/2025 10:15,2.96,29.6,ft,A
5/19/2025 10:26,33.29,5/19/2025 10:30,3.02,30.2,ft,A
5/19/2025 10:41,33.22,5/19/2025 10:45,3.04,30.4,ft,A
5/19/2025 10:56,33.43,5/19/2025 11:00,3.07,30.7,ft,A
5/19/2025 11:11,33.8,5/19/2025 11:15,3.08,30.8,ft,A
5/19/2025 11:26,33.13,5/19/2025 11:30,3.14,31.4,ft,A
5/19/2025 11:41,33.8,5/19/2025 11:45,3.16,31.6,ft,A
5/19/2025 11:56,33.55,5/19/2025 12:00,3.2,32,ft,A
5/19/2025 12:11,32.91,5/19/2025 12:15,3.22,32.2,ft,A
5/19/2025 12:26,34.95,5/19/2025 12:30,3.25,32.5,ft,A
5/19/2025 12:41,34.21,5/19/2025 12:45,3.3,33,ft,A
5/19/2025 12:56,33.75,5/19/2025 13:00,3.3,33,ft,A
5/19/2025 13:11,33.43,5/19/2025 13:15,3.32,33.2,ft,A
5/19/2025 13:26,34.36,5/19/2025 13:30,3.33,33.3,ft,A
5/19/2025 13:41,33.64,5/19/2025 13:45,3.4,34,ft,A
5/19/2025 14:11,33.8,5/19/2025 14:15,3.43,34.3,ft,A
5/19/2025 14:26,33.78,5/19/2025 14:30,3.41,34.1,ft,A
5/19/2025 14:41,33.56,5/19/2025 14:45,3.42,34.2,ft,A
5/19/2025 14:56,32.49,5/19/2025 15:00,3.47,34.7,ft,A
5/19/2025 15:11,33.4,5/19/2025 15:15,3.48,34.8,ft,A
5/19/2025 15:26,32.78,5/19/2025 15:30,3.49,34.9,ft,A
5/19/2025 15:41,33.3,5/19/2025 15:45,3.5,35,ft,A
5/19/2025 15:56,33.72,5/19/2025 16:00,3.51,35.1,ft,A
5/19/2025 16:11,33.64,5/19/2025 16:15,3.52,35.2,ft,A
5/19/2025 16:26,32.98,5/19/2025 16:30,3.53,35.3,ft,A
5/19/2025 16:41,32.33,5/19/2025 16:45,3.5,35,ft,A
5/19/2025 16:56,33.95,5/19/2025 17:00,3.55,35.5,ft,A
5/19/2025 17:11,34.08,5/19/2025 17:15,3.56,35.6,ft,A
5/19/2025 17:26,32.99,5/19/2025 17:30,3.54,35.4,ft,A
5/19/2025 17:41,32.93,5/19/2025 17:45,3.54,35.4,ft,A
5/20/2025 6:56,30.05,5/20/2025 7:00,3.4,34,ft,A
5/20/2025 7:11,29.69,5/20/2025 7:15,3.37,33.7,ft,A
5/20/2025 7:26,30.92,5/20/2025 7:30,3.33,33.3,ft,A
5/20/2025 7:41,29.85,5/20/2025 7:45,3.34,33.4,ft,A
5/20/2025 7:56,31.06,5/20/2025 8:00,3.3,33,ft,A
5/20/2025 8:11,31.02,5/20/2025 8:15,3.32,33.2,ft,A
5/20/2025 8:26,30.02,5/20/2025 8:30,3.29,32.9,ft,A
5/20/2025 8:41,30.07,5/20/2025 8:45,3.28,32.8,ft,A
5/20/2025 8:56,30.95,5/20/2025 9:00,3.23,32.3,ft,A
5/20/2025 9:11,31.22,5/20/2025 9:15,3.23,32.3,ft,A
5/20/2025 9:26,31.28,5/20/2025 9:30,3.25,32.5,ft,A
5/20/2025 9:41,30.31,5/20/2025 9:45,3.25,32.5,ft,A
5/20/2025 9:56,30.32,5/20/2025 10:00,3.23,32.3,ft,A
5/20/2025 10:11,30.12,5/20/2025 10:15,3.21,32.1,ft,A
5/20/2025 10:26,30.19,5/20/2025 10:30,3.19,31.9,ft,A
5/20/2025 10:41,31,5/20/2025 10:45,3.23,32.3,ft,A
5/20/2025 10:56,29.87,5/20/2025 11:00,3.18,31.8,ft,A
5/20/2025 11:11,31.62,5/20/2025 11:15,3.22,32.2,ft,A
5/20/2025 11:26,30.41,5/20/2025 11:30,3.18,31.8,ft,A
5/20/2025 11:41,30.34,5/20/2025 11:45,3.19,31.9,ft,A
5/20/2025 11:56,30.09,5/20/2025 12:00,3.2,32,ft,A
5/20/2025 12:11,31.38,5/20/2025 12:15,3.2,32,ft,A
5/20/2025 12:11,31.38,5/20/2025 12:15,3.2,32,ft,A
5/20/2025 12:26,30.02,5/20/2025 12:30,3.25,32.5,ft,A
5/20/2025 12:41,31.39,5/20/2025 12:45,3.23,32.3,ft,A
5/20/2025 12:56,32.76,5/20/2025 13:00,3.28,32.8,ft,A
5/20/2025 13:11,30.56,5/20/2025 13:15,3.3,33,ft,A
5/20/2025 13:26,30.35,5/20/2025 13:30,3.31,33.1,ft,A
5/20/2025 13:41,31.41,5/20/2025 13:45,3.34,33.4,ft,A
5/20/2025 13:56,30.32,5/20/2025 14:00,3.33,33.3,ft,A
5/20/2025 14:11,31.27,5/20/2025 14:15,3.32,33.2,ft,A
5/20/2025 14:26,30.53,5/20/2025 14:30,3.34,33.4,ft,A
5/20/2025 14:41,29.22,5/20/2025 14:45,3.37,33.7,ft,A
5/20/2025 14:56,30.87,5/20/2025 15:00,3.4,34,ft,A
5/20/2025 15:11,31.61,5/20/2025 15:15,3.41,34.1,ft,A
5/20/2025 15:26,31.56,5/20/2025 15:30,3.42,34.2,ft,A
5/20/2025 15:41,30.86,5/20/2025 15:45,3.41,34.1,ft,A
5/20/2025 15:56,31.14,5/20/2025 16:00,3.41,34.1,ft,A
5/20/2025 16:11,31.68,5/20/2025 16:15,3.42,34.2,ft,A
5/20/2025 16:26,29.97,5/20/2025 16:30,3.44,34.4,ft,A
5/20/2025 16:41,30.47,5/20/2025 16:45,3.45,34.5,ft,A
5/20/2025 16:56,31.7,5/20/2025 17:00,3.47,34.7,ft,A
5/20/2025 17:11,30.97,5/20/2025 17:15,3.48,34.8,ft,A
5/20/2025 17:26,32.3,5/20/2025 17:30,3.49,34.9,ft,A
5/20/2025 17:41,31.18,5/20/2025 17:45,3.47,34.7,ft,A
5/21/2025 6:56,29.14,5/21/2025 7:00,2.91,29.1,ft,A
5/21/2025 7:11,29.31,5/21/2025 7:15,2.88,28.8,ft,A
5/21/2025 7:21,29.31,5/21/2025 7:15,2.88,28.8,ft,A
5/21/2025 7:26,29.1,5/21/2025 7:30,2.87,28.7,ft,A
5/21/2025 7:41,27.8,5/21/2025 7:45,2.85,28.5,ft,A
5/21/2025 7:56,29.31,5/21/2025 8:00,2.82,28.2,ft,A
5/21/2025 8:11,28.98,5/21/2025 8:15,2.81,28.1,ft,A
5/21/2025 8:26,28.54,5/21/2025 8:30,2.78,27.8,ft,A
5/21/2025 8:41,28.92,5/21/2025 8:45,2.76,27.6,ft,A
5/21/2025 8:56,28.56,5/21/2025 9:00,2.76,27.6,ft,A
5/21/2025 9:09,29.55,5/21/2025 9:15,2.74,27.4,ft,A
5/21/2025 9:10,29.55,5/21/2025 9:15,2.74,27.4,ft,A
5/21/2025 9:11,29.55,5/21/2025 9:15,2.74,27.4,ft,A
5/21/2025 9:26,29.86,5/21/2025 9:30,2.73,27.3,ft,A
5/21/2025 9:40,28.47,5/21/2025 9:45,2.72,27.2,ft,A
5/21/2025 9:41,28.47,5/21/2025 9:45,2.72,27.2,ft,A
5/21/2025 9:56,30.4,5/21/2025 10:00,2.7,27,ft,A
5/21/2025 10:11,30.23,5/21/2025 10:15,2.7,27,ft,A
5/21/2025 10:15,30.23,5/21/2025 10:15,2.7,27,ft,A
5/21/2025 10:26,28.74,5/21/2025 10:30,2.7,27,ft,A
5/21/2025 10:41,29.41,5/21/2025 10:45,2.7,27,ft,A
5/21/2025 10:56,27.86,5/21/2025 11:00,2.7,27,ft,A
5/21/2025 11:11,29.13,5/21/2025 11:15,2.7,27,ft,A
5/21/2025 11:26,29.73,5/21/2025 11:30,2.69,26.9,ft,A
5/21/2025 11:41,28.94,5/21/2025 11:45,2.67,26.7,ft,A
5/21/2025 11:56,29.17,5/21/2025 12:00,2.67,26.7,ft,A
5/21/2025 12:11,29.8,5/21/2025 12:15,2.64,26.4,ft,A
5/21/2025 12:26,30.36,5/21/2025 12:30,2.68,26.8,ft,A
5/21/2025 12:41,31.76,5/21/2025 12:45,2.69,26.9,ft,A
5/21/2025 12:56,27.81,5/21/2025 13:00,2.69,26.9,ft,A
5/21/2025 13:11,30.55,5/21/2025 13:15,2.7,27,ft,A
5/21/2025 13:26,30.92,5/21/2025 13:30,2.74,27.4,ft,A
5/21/2025 13:41,30.4,5/21/2025 13:45,2.77,27.7,ft,A
5/21/2025 13:56,30.1,5/21/2025 14:00,2.76,27.6,ft,A
5/21/2025 14:11,28.85,5/21/2025 14:15,2.81,28.1,ft,A
5/21/2025 14:26,28.36,5/21/2025 14:30,2.8,28,ft,A
5/21/2025 14:41,29.16,5/21/2025 14:45,2.83,28.3,ft,A
5/21/2025 14:56,29.63,5/21/2025 15:00,2.83,28.3,ft,A
5/21/2025 15:11,30.22,5/21/2025 15:15,2.89,28.9,ft,A
5/21/2025 15:26,29.4,5/21/2025 15:30,2.88,28.8,ft,A
5/21/2025 15:41,29.02,5/21/2025 15:45,2.88,28.8,ft,A
5/21/2025 15:56,29.62,5/21/2025 16:00,2.9,29,ft,A
5/21/2025 16:11,28.61,5/21/2025 16:15,2.95,29.5,ft,A
5/21/2025 16:26,29.29,5/21/2025 16:30,2.95,29.5,ft,A
5/21/2025 16:41,29.75,5/21/2025 16:45,2.94,29.4,ft,A
5/21/2025 16:56,29.4,5/21/2025 17:00,2.97,29.7,ft,A
5/21/2025 17:11,29.45,5/21/2025 17:15,2.93,29.3,ft,A
5/21/2025 17:26,30.36,5/21/2025 17:30,2.96,29.6,ft,A
5/21/2025 17:41,29.47,5/21/2025 17:45,2.95,29.5,ft,A
5/22/2025 6:56,27.76,5/22/2025 7:00,2.81,28.1,ft,A
5/22/2025 7:11,28.2,5/22/2025 7:15,2.76,27.6,ft,A
5/22/2025 7:26,28.75,5/22/2025 7:30,2.79,27.9,ft,A
5/22/2025 7:41,28.24,5/22/2025 7:45,2.77,27.7,ft,A
5/22/2025 7:56,27.39,5/22/2025 8:00,2.76,27.6,ft,A
5/22/2025 8:11,28.44,5/22/2025 8:15,2.73,27.3,ft,A
5/22/2025 8:26,28.49,5/22/2025 8:30,2.72,27.2,ft,A
5/22/2025 8:41,29.22,5/22/2025 8:45,2.69,26.9,ft,A
5/22/2025 8:56,28.07,5/22/2025 9:00,2.68,26.8,ft,A
5/22/2025 9:11,27.44,5/22/2025 9:15,2.65,26.5,ft,A
5/22/2025 9:26,28.78,5/22/2025 9:30,2.64,26.4,ft,A
5/22/2025 9:41,28.35,5/22/2025 9:45,2.63,26.3,ft,A
5/22/2025 9:56,28.05,5/22/2025 10:00,2.61,26.1,ft,A
5/22/2025 10:11,27.87,5/22/2025 10:15,2.58,25.8,ft,A
5/22/2025 10:26,27.63,5/22/2025 10:30,2.59,25.9,ft,A
5/22/2025 10:41,29.76,5/22/2025 10:45,2.55,25.5,ft,A
5/22/2025 10:56,29.02,5/22/2025 11:00,2.56,25.6,ft,A
5/22/2025 11:11,28.26,5/22/2025 11:15,2.56,25.6,ft,A
5/22/2025 11:26,27.88,5/22/2025 11:30,2.54,25.4,ft,A
5/22/2025 11:41,27.91,5/22/2025 11:45,2.55,25.5,ft,A
5/22/2025 11:56,28.92,5/22/2025 12:00,2.55,25.5,ft,A
5/22/2025 12:11,29.33,5/22/2025 12:15,2.55,25.5,ft,A
5/22/2025 12:26,29.08,5/22/2025 12:30,2.55,25.5,ft,A
5/22/2025 12:41,30.96,5/22/2025 12:45,2.58,25.8,ft,A
5/22/2025 12:56,28.19,5/22/2025 13:00,2.57,25.7,ft,A
5/22/2025 13:11,27.88,5/22/2025 13:15,2.6,26,ft,A
5/22/2025 15:41,32.49,5/22/2025 15:45,2.8,28,ft,A
5/22/2025 16:11,34.59,5/22/2025 16:15,2.82,28.2,ft,A
5/22/2025 16:26,32.37,5/22/2025 16:30,2.84,28.4,ft,A
5/22/2025 16:41,32.25,5/22/2025 16:45,2.82,28.2,ft,A
5/22/2025 17:11,34.34,5/22/2025 17:15,2.89,28.9,ft,A
5/22/2025 17:13,34.34,5/22/2025 17:15,2.89,28.9,ft,A
5/22/2025 17:15,34.34,5/22/2025 17:15,2.89,28.9,ft,A
5/22/2025 17:15,34.34,5/22/2025 17:15,2.89,28.9,ft,A
5/22/2025 17:16,34.34,5/22/2025 17:15,2.89,28.9,ft,A
5/22/2025 17:18,34.34,5/22/2025 17:15,2.89,28.9,ft,A
5/22/2025 17:19,34.34,5/22/2025 17:15,2.89,28.9,ft,A
5/22/2025 17:26,33.82,5/22/2025 17:30,2.88,28.8,ft,A
5/22/2025 17:41,31.67,5/22/2025 17:45,2.9,29,ft,A
5/22/2025 17:51,31.67,5/22/2025 17:45,2.9,29,ft,A
5/23/2025 6:56,32.48,5/23/2025 7:00,2.94,29.4,ft,A
5/23/2025 7:11,31.83,5/23/2025 7:15,2.93,29.3,ft,A
5/23/2025 7:26,31.91,5/23/2025 7:30,2.94,29.4,ft,A
5/23/2025 7:41,31.73,5/23/2025 7:45,2.94,29.4,ft,A
5/23/2025 7:56,31.42,5/23/2025 8:00,2.94,29.4,ft,A
5/23/2025 8:11,33.25,5/23/2025 8:15,2.94,29.4,ft,A
5/23/2025 8:26,31.34,5/23/2025 8:30,2.94,29.4,ft,A
5/23/2025 8:41,31.49,5/23/2025 8:45,2.94,29.4,ft,A
5/23/2025 8:56,31.43,5/23/2025 9:00,2.92,29.2,ft,A
5/23/2025 9:11,31.46,5/23/2025 9:15,2.91,29.1,ft,A
5/23/2025 9:26,31.97,5/23/2025 9:30,2.89,28.9,ft,A
5/23/2025 9:41,31.04,5/23/2025 9:45,2.88,28.8,ft,A
5/23/2025 9:56,32.05,5/23/2025 10:00,2.86,28.6,ft,A
5/23/2025 10:11,30.88,5/23/2025 10:15,2.85,28.5,ft,A
5/23/2025 10:26,33.2,5/23/2025 10:30,2.83,28.3,ft,A
5/23/2025 10:41,30.56,5/23/2025 10:45,2.83,28.3,ft,A
5/23/2025 10:56,30.58,5/23/2025 11:00,2.8,28,ft,A
5/23/2025 11:11,31.16,5/23/2025 11:15,2.79,27.9,ft,A
5/23/2025 11:26,30.8,5/23/2025 11:30,2.78,27.8,ft,A
5/23/2025 11:41,31.02,5/23/2025 11:45,2.71,27.1,ft,A
5/23/2025 11:56,31.75,5/23/2025 12:00,2.75,27.5,ft,A
5/23/2025 12:11,32.81,5/23/2025 12:15,2.74,27.4,ft,A
5/23/2025 12:26,32.11,5/23/2025 12:30,2.71,27.1,ft,A
5/23/2025 12:41,31.49,5/23/2025 12:45,2.73,27.3,ft,A
5/23/2025 12:56,32.41,5/23/2025 13:00,2.68,26.8,ft,A
5/23/2025 12:57,32.41,5/23/2025 13:00,2.68,26.8,ft,A
5/23/2025 13:11,31.96,5/23/2025 13:15,2.65,26.5,ft,A
5/23/2025 13:26,31.57,5/23/2025 13:30,2.69,26.9,ft,A
5/23/2025 13:41,32.42,5/23/2025 13:45,2.65,26.5,ft,A
5/23/2025 13:56,31.51,5/23/2025 14:00,2.69,26.9,ft,A
5/23/2025 14:11,33.6,5/23/2025 14:15,2.67,26.7,ft,A
5/23/2025 14:26,32.59,5/23/2025 14:30,2.66,26.6,ft,A
5/23/2025 14:41,32.38,5/23/2025 14:45,2.69,26.9,ft,A
5/23/2025 14:56,33.23,5/23/2025 15:00,2.69,26.9,ft,A
5/23/2025 15:11,33.02,5/23/2025 15:15,2.7,27,ft,A
5/23/2025 15:26,32.33,5/23/2025 15:30,2.71,27.1,ft,A
5/23/2025 15:41,31.8,5/23/2025 15:45,2.73,27.3,ft,A
5/23/2025 15:56,31.48,5/23/2025 16:00,2.74,27.4,ft,A
5/23/2025 16:11,31.81,5/23/2025 16:15,2.76,27.6,ft,A
5/23/2025 16:14,31.81,5/23/2025 16:15,2.76,27.6,ft,A
5/23/2025 16:26,31.04,5/23/2025 16:30,2.78,27.8,ft,A
5/23/2025 16:41,32.37,5/23/2025 16:45,2.79,27.9,ft,A
5/23/2025 16:56,31.84,5/23/2025 17:00,2.79,27.9,ft,A
5/23/2025 17:11,32.33,5/23/2025 17:15,2.8,28,ft,A
5/23/2025 17:26,32.41,5/23/2025 17:30,2.8,28,ft,A
5/23/2025 17:41,32.35,5/23/2025 17:45,2.81,28.1,ft,A
5/24/2025 6:56,31.39,5/24/2025 7:00,2.89,28.9,ft,A
5/24/2025 7:11,31.73,5/24/2025 7:15,2.91,29.1,ft,A
5/24/2025 7:26,33.18,5/24/2025 7:30,2.91,29.1,ft,A
5/24/2025 7:41,32.48,5/24/2025 7:45,2.92,29.2,ft,A
5/24/2025 7:56,31.34,5/24/2025 8:00,2.9,29,ft,A
5/24/2025 8:11,31.47,5/24/2025 8:15,2.92,29.2,ft,A
5/24/2025 8:17,31.47,5/24/2025 8:15,2.92,29.2,ft,A
5/24/2025 8:26,30.68,5/24/2025 8:30,2.92,29.2,ft,A
5/24/2025 8:41,31.24,5/24/2025 8:45,2.91,29.1,ft,A
5/24/2025 8:56,32.17,5/24/2025 9:00,2.94,29.4,ft,A
5/24/2025 9:11,32.76,5/24/2025 9:15,2.92,29.2,ft,A
5/24/2025 9:26,31.95,5/24/2025 9:30,2.92,29.2,ft,A
5/24/2025 9:41,32.38,5/24/2025 9:45,2.91,29.1,ft,A
5/24/2025 9:56,30.4,5/24/2025 10:00,2.94,29.4,ft,A
5/24/2025 10:11,32.63,5/24/2025 10:15,2.94,29.4,ft,A
5/24/2025 10:26,31.98,5/24/2025 10:30,2.9,29,ft,A
5/24/2025 10:41,32.17,5/24/2025 10:45,2.89,28.9,ft,A
5/24/2025 10:56,31.61,5/24/2025 11:00,2.9,29,ft,A
5/24/2025 11:11,33.33,5/24/2025 11:15,2.88,28.8,ft,A
5/24/2025 11:26,35.71,5/24/2025 11:30,2.86,28.6,ft,A
5/24/2025 11:41,33.21,5/24/2025 11:45,2.86,28.6,ft,A
5/24/2025 11:56,31.53,5/24/2025 12:00,2.83,28.3,ft,A
5/24/2025 12:11,32.45,5/24/2025 12:15,2.83,28.3,ft,A
5/24/2025 12:26,32.53,5/24/2025 12:30,2.83,28.3,ft,A
5/24/2025 12:41,32.08,5/24/2025 12:45,2.82,28.2,ft,A
5/24/2025 12:56,33.72,5/24/2025 13:00,2.8,28,ft,A
5/24/2025 13:11,31.72,5/24/2025 13:15,2.84,28.4,ft,A
5/24/2025 13:26,35.52,5/24/2025 13:30,2.8,28,ft,A
5/24/2025 13:41,32.4,5/24/2025 13:45,2.83,28.3,ft,A
5/24/2025 13:56,32.96,5/24/2025 14:00,2.83,28.3,ft,A
5/24/2025 14:11,31.56,5/24/2025 14:15,2.8,28,ft,A
5/24/2025 14:26,32.18,5/24/2025 14:30,2.8,28,ft,A
5/24/2025 14:41,31.5,5/24/2025 14:45,2.81,28.1,ft,A
5/24/2025 14:56,31.76,5/24/2025 15:00,2.77,27.7,ft,A
5/24/2025 15:11,34.19,5/24/2025 15:15,2.79,27.9,ft,A
5/24/2025 15:26,32.44,5/24/2025 15:30,2.75,27.5,ft,A
5/24/2025 15:40,33.99,5/24/2025 15:45,2.76,27.6,ft,A
5/24/2025 15:41,33.99,5/24/2025 15:45,2.76,27.6,ft,A
5/24/2025 15:56,33.07,5/24/2025 16:00,2.75,27.5,ft,A
5/24/2025 16:11,31.89,5/24/2025 16:15,2.74,27.4,ft,A
5/24/2025 16:26,32.52,5/24/2025 16:30,2.75,27.5,ft,A
5/24/2025 16:41,31.83,5/24/2025 16:45,2.72,27.2,ft,A
5/24/2025 16:56,32.28,5/24/2025 17:00,2.72,27.2,ft,A
5/24/2025 17:11,34.18,5/24/2025 17:15,2.76,27.6,ft,A
5/24/2025 17:26,31.67,5/24/2025 17:30,2.78,27.8,ft,A
5/24/2025 17:41,32.02,5/24/2025 17:45,2.77,27.7,ft,A
5/25/2025 6:56,32.24,5/25/2025 7:00,2.81,28.1,ft,A
5/25/2025 7:11,32.95,5/25/2025 7:15,2.83,28.3,ft,A
5/25/2025 7:26,30.72,5/25/2025 7:30,2.85,28.5,ft,A
5/25/2025 7:41,33,5/25/2025 7:45,2.85,28.5,ft,A
5/25/2025 7:56,32.49,5/25/2025 8:00,2.87,28.7,ft,A
5/25/2025 8:11,31.73,5/25/2025 8:15,2.89,28.9,ft,A
5/25/2025 8:26,32.23,5/25/2025 8:30,2.93,29.3,ft,A
5/25/2025 8:41,32.68,5/25/2025 8:45,2.94,29.4,ft,A
5/25/2025 8:56,31.43,5/25/2025 9:00,2.93,29.3,ft,A
5/25/2025 9:11,31.36,5/25/2025 9:15,2.92,29.2,ft,A
5/25/2025 9:20,31.36,5/25/2025 9:15,2.92,29.2,ft,A
5/25/2025 9:26,31.15,5/25/2025 9:30,2.94,29.4,ft,A
5/25/2025 9:41,31.82,5/25/2025 9:45,2.95,29.5,ft,A
5/25/2025 9:56,30.91,5/25/2025 10:00,2.96,29.6,ft,A
5/25/2025 10:11,31.33,5/25/2025 10:15,2.97,29.7,ft,A
5/25/2025 10:26,31.9,5/25/2025 10:30,2.95,29.5,ft,A
5/25/2025 10:41,31.65,5/25/2025 10:45,2.94,29.4,ft,A
5/25/2025 10:56,31.92,5/25/2025 11:00,2.96,29.6,ft,A
5/25/2025 11:11,31,5/25/2025 11:15,2.96,29.6,ft,A
5/25/2025 11:26,32.12,5/25/2025 11:30,2.92,29.2,ft,A
5/25/2025 11:41,32.01,5/25/2025 11:45,2.92,29.2,ft,A
5/25/2025 11:56,31.13,5/25/2025 12:00,2.92,29.2,ft,A
5/25/2025 12:11,31.95,5/25/2025 12:15,2.93,29.3,ft,A
5/25/2025 12:26,31.69,5/25/2025 12:30,2.92,29.2,ft,A
5/25/2025 12:41,32.63,5/25/2025 12:45,2.89,28.9,ft,A
5/25/2025 12:56,33.11,5/25/2025 13:00,2.87,28.7,ft,A
5/25/2025 13:11,32.84,5/25/2025 13:15,2.85,28.5,ft,A
5/25/2025 13:26,32.61,5/25/2025 13:30,2.85,28.5,ft,A
5/25/2025 13:41,33.35,5/25/2025 13:45,2.84,28.4,ft,A
5/25/2025 13:56,33.06,5/25/2025 14:00,2.87,28.7,ft,A
5/25/2025 14:11,32.6,5/25/2025 14:15,2.83,28.3,ft,A
5/25/2025 14:26,39.14,5/25/2025 14:30,2.81,28.1,ft,A
5/25/2025 14:41,32.71,5/25/2025 14:45,2.8,28,ft,A
5/25/2025 14:56,33.4,5/25/2025 15:00,2.81,28.1,ft,A
5/25/2025 15:11,32.34,5/25/2025 15:15,2.79,27.9,ft,A
5/25/2025 15:26,32.63,5/25/2025 15:30,2.79,27.9,ft,A
5/25/2025 15:41,32.73,5/25/2025 15:45,2.79,27.9,ft,A
5/25/2025 15:56,32.32,5/25/2025 16:00,2.78,27.8,ft,A
5/25/2025 16:11,32.55,5/25/2025 16:15,2.77,27.7,ft,A
5/25/2025 16:26,32.25,5/25/2025 16:30,2.81,28.1,ft,A
5/25/2025 16:41,32,5/25/2025 16:45,2.79,27.9,ft,A
5/25/2025 16:56,32.44,5/25/2025 17:00,2.77,27.7,ft,A
5/25/2025 17:11,31.9,5/25/2025 17:15,2.78,27.8,ft,A
5/25/2025 17:26,33.05,5/25/2025 17:30,2.79,27.9,ft,A
5/25/2025 17:41,32.36,5/25/2025 17:45,2.78,27.8,ft,A
5/26/2025 6:56,30.99,5/26/2025 7:00,2.71,27.1,ft,A
5/26/2025 7:11,31.58,5/26/2025 7:15,2.75,27.5,ft,A
5/26/2025 7:26,31.17,5/26/2025 7:30,2.8,28,ft,A
5/26/2025 7:41,31.98,5/26/2025 7:45,2.84,28.4,ft,A
5/26/2025 7:56,30.31,5/26/2025 8:00,2.83,28.3,ft,A
5/26/2025 8:11,29.87,5/26/2025 8:15,2.85,28.5,ft,A
5/26/2025 8:26,32.71,5/26/2025 8:30,2.88,28.8,ft,A
5/26/2025 8:41,30.45,5/26/2025 8:45,2.88,28.8,ft,A
5/26/2025 8:56,32.14,5/26/2025 9:00,2.92,29.2,ft,A
5/26/2025 9:11,31.23,5/26/2025 9:15,2.93,29.3,ft,A
5/26/2025 9:26,32.09,5/26/2025 9:30,2.94,29.4,ft,A
5/26/2025 9:41,31.91,5/26/2025 9:45,2.96,29.6,ft,A
5/26/2025 9:56,32.2,5/26/2025 10:00,2.96,29.6,ft,A
5/26/2025 10:11,32.01,5/26/2025 10:15,2.99,29.9,ft,A
5/26/2025 10:26,30.55,5/26/2025 10:30,3.02,30.2,ft,A
5/26/2025 10:41,30.84,5/26/2025 10:45,3.02,30.2,ft,A
5/26/2025 10:56,30.92,5/26/2025 11:00,3.01,30.1,ft,A
5/26/2025 11:11,30.42,5/26/2025 11:15,3.05,30.5,ft,A
5/26/2025 11:26,31.34,5/26/2025 11:30,3.06,30.6,ft,A
5/26/2025 11:41,30.92,5/26/2025 11:45,3.01,30.1,ft,A
5/26/2025 11:47,30.92,5/26/2025 11:45,3.01,30.1,ft,A
5/26/2025 11:51,30.92,5/26/2025 11:45,3.01,30.1,ft,A
5/26/2025 11:56,31.65,5/26/2025 12:00,3.02,30.2,ft,A
5/26/2025 12:11,32.23,5/26/2025 12:15,3.07,30.7,ft,A
5/26/2025 12:19,32.23,5/26/2025 12:15,3.07,30.7,ft,A
5/26/2025 12:21,32.23,5/26/2025 12:15,3.07,30.7,ft,A
5/26/2025 12:26,31.24,5/26/2025 12:30,3.08,30.8,ft,A
5/26/2025 12:41,29.64,5/26/2025 12:45,3.07,30.7,ft,A
5/26/2025 12:56,32.98,5/26/2025 13:00,3.07,30.7,ft,A
5/26/2025 13:11,31.36,5/26/2025 13:15,3.09,30.9,ft,A
5/26/2025 13:26,31.27,5/26/2025 13:30,3.06,30.6,ft,A
5/26/2025 13:41,30.78,5/26/2025 13:45,3.06,30.6,ft,A
5/26/2025 13:56,29.69,5/26/2025 14:00,3.06,30.6,ft,A
5/26/2025 14:11,32.1,5/26/2025 14:15,3.04,30.4,ft,A
5/26/2025 14:14,32.1,5/26/2025 14:15,3.04,30.4,ft,A
5/26/2025 14:26,31.02,5/26/2025 14:30,3.02,30.2,ft,A
5/26/2025 14:41,32.64,5/26/2025 14:45,3.01,30.1,ft,A
5/26/2025 14:56,29.87,5/26/2025 15:00,2.98,29.8,ft,A
5/26/2025 15:11,29.81,5/26/2025 15:15,2.94,29.4,ft,A
5/26/2025 15:26,32.44,5/26/2025 15:30,2.94,29.4,ft,A
5/26/2025 15:41,30.79,5/26/2025 15:45,2.92,29.2,ft,A
5/26/2025 15:56,30.37,5/26/2025 16:00,2.92,29.2,ft,A
5/26/2025 16:11,32.15,5/26/2025 16:15,2.9,29,ft,A
5/26/2025 16:26,30.63,5/26/2025 16:30,2.91,29.1,ft,A
5/26/2025 16:41,30.41,5/26/2025 16:45,2.93,29.3,ft,A
5/26/2025 16:56,32.04,5/26/2025 17:00,2.9,29,ft,A
5/26/2025 17:11,32.03,5/26/2025 17:15,2.9,29,ft,A
5/26/2025 17:26,31,5/26/2025 17:30,2.9,29,ft,A
5/26/2025 17:41,31.88,5/26/2025 17:45,2.87,28.7,ft,A
5/27/2025 7:11,33.22,5/27/2025 7:15,2.48,24.8,ft,A
5/27/2025 7:26,34.19,5/27/2025 7:30,2.55,25.5,ft,A
5/27/2025 7:41,33.3,5/27/2025 7:45,2.56,25.6,ft,A
5/27/2025 7:56,33.13,5/27/2025 8:00,2.59,25.9,ft,A
5/27/2025 8:11,33.21,5/27/2025 8:15,2.6,26,ft,A
5/27/2025 8:26,31.27,5/27/2025 8:30,2.61,26.1,ft,A
5/27/2025 8:41,33.6,5/27/2025 8:45,2.67,26.7,ft,A
5/27/2025 8:56,31.99,5/27/2025 9:00,2.72,27.2,ft,A
5/27/2025 9:11,32.48,5/27/2025 9:15,2.72,27.2,ft,A
5/27/2025 9:26,29.99,5/27/2025 9:30,2.71,27.1,ft,A
5/27/2025 9:41,32.84,5/27/2025 9:45,2.75,27.5,ft,A
5/27/2025 9:56,30.83,5/27/2025 10:00,2.79,27.9,ft,A
5/27/2025 10:11,31.84,5/27/2025 10:15,2.78,27.8,ft,A
5/27/2025 10:26,32.48,5/27/2025 10:30,2.81,28.1,ft,A
5/27/2025 10:41,33,5/27/2025 10:45,2.83,28.3,ft,A
5/27/2025 11:11,33.05,5/27/2025 11:15,2.84,28.4,ft,A
5/27/2025 11:26,36.43,5/27/2025 11:30,2.83,28.3,ft,A
5/27/2025 11:41,31.77,5/27/2025 11:45,2.83,28.3,ft,A
5/27/2025 12:11,33.71,5/27/2025 12:15,2.83,28.3,ft,A
5/27/2025 12:26,33.89,5/27/2025 12:30,2.81,28.1,ft,A
5/27/2025 12:40,32.3,5/27/2025 12:45,2.79,27.9,ft,A
5/27/2025 12:41,32.3,5/27/2025 12:45,2.79,27.9,ft,A
5/27/2025 12:56,32.34,5/27/2025 13:00,2.77,27.7,ft,A
5/27/2025 13:11,32.7,5/27/2025 13:15,2.75,27.5,ft,A
5/27/2025 13:26,33.36,5/27/2025 13:30,2.72,27.2,ft,A
5/27/2025 13:34,33.36,5/27/2025 13:30,2.72,27.2,ft,A
5/27/2025 13:41,32.06,5/27/2025 13:45,2.69,26.9,ft,A
5/27/2025 13:56,33.23,5/27/2025 14:00,2.68,26.8,ft,A
5/27/2025 14:11,32.64,5/27/2025 14:15,2.67,26.7,ft,A
5/27/2025 14:26,30.98,5/27/2025 14:30,2.66,26.6,ft,A
5/27/2025 14:41,40.85,5/27/2025 14:45,2.66,26.6,ft,A
5/27/2025 15:11,33.26,5/27/2025 15:15,2.66,26.6,ft,A
5/27/2025 15:26,31.68,5/27/2025 15:30,2.67,26.7,ft,A
5/27/2025 15:41,33.3,5/27/2025 15:45,2.69,26.9,ft,A
5/27/2025 15:56,32.32,5/27/2025 16:00,2.71,27.1,ft,A
5/27/2025 15:59,32.32,5/27/2025 16:00,2.71,27.1,ft,A
5/27/2025 15:59,32.32,5/27/2025 16:00,2.71,27.1,ft,A
5/27/2025 16:11,35.05,5/27/2025 16:15,2.75,27.5,ft,A
5/27/2025 16:26,35.06,5/27/2025 16:30,2.74,27.4,ft,A
5/27/2025 16:41,35.2,5/27/2025 16:45,2.8,28,ft,A
5/27/2025 17:11,34.62,5/27/2025 17:15,2.87,28.7,ft,A
5/27/2025 17:26,32.98,5/27/2025 17:30,2.91,29.1,ft,A
5/27/2025 17:41,31.87,5/27/2025 17:45,2.92,29.2,ft,A
5/28/2025 7:11,33.86,5/28/2025 7:15,2.14,21.4,ft,A
5/28/2025 7:26,33.74,5/28/2025 7:30,2.19,21.9,ft,A
5/28/2025 7:41,34.06,5/28/2025 7:45,2.26,22.6,ft,A
5/28/2025 8:11,35.07,5/28/2025 8:15,2.35,23.5,ft,A
5/28/2025 8:26,37.57,5/28/2025 8:30,2.43,24.3,ft,A
5/28/2025 8:41,36.76,5/28/2025 8:45,2.47,24.7,ft,A
5/28/2025 9:11,35.3,5/28/2025 9:15,2.56,25.6,ft,A
5/28/2025 9:26,35.97,5/28/2025 9:30,2.59,25.9,ft,A
5/28/2025 9:41,36.42,5/28/2025 9:45,2.61,26.1,ft,A
5/28/2025 10:11,38.16,5/28/2025 10:15,2.66,26.6,ft,A
5/28/2025 10:26,43.03,5/28/2025 10:30,2.69,26.9,ft,A
5/28/2025 10:41,39.6,5/28/2025 10:45,2.7,27,ft,A
5/28/2025 11:11,39.31,5/28/2025 11:15,2.74,27.4,ft,A
5/28/2025 11:26,39.27,5/28/2025 11:30,2.75,27.5,ft,A
5/28/2025 11:41,36.35,5/28/2025 11:45,2.76,27.6,ft,A
5/28/2025 12:11,42.94,5/28/2025 12:15,2.79,27.9,ft,A
5/28/2025 12:26,39.22,5/28/2025 12:30,2.8,28,ft,A
5/28/2025 12:41,40.89,5/28/2025 12:45,2.81,28.1,ft,A
5/28/2025 13:11,49.34,5/28/2025 13:15,2.83,28.3,ft,A
5/28/2025 13:26,40.75,5/28/2025 13:30,2.86,28.6,ft,A
5/28/2025 13:41,44.74,5/28/2025 13:45,2.94,29.4,ft,A
5/28/2025 14:11,39.07,5/28/2025 14:15,2.95,29.5,ft,A
5/28/2025 14:26,38.98,5/28/2025 14:30,2.98,29.8,ft,A
5/28/2025 14:41,40.33,5/28/2025 14:45,2.97,29.7,ft,A
5/28/2025 15:11,40.1,5/28/2025 15:15,2.97,29.7,ft,A
5/28/2025 15:26,38.69,5/28/2025 15:30,2.98,29.8,ft,A
5/28/2025 15:41,36.7,5/28/2025 15:45,3,30,ft,A
5/28/2025 16:11,37.49,5/28/2025 16:15,3.01,30.1,ft,A
5/28/2025 16:26,38.07,5/28/2025 16:30,3.04,30.4,ft,A
5/28/2025 16:41,37.35,5/28/2025 16:45,3.04,30.4,ft,A
5/28/2025 17:11,39.26,5/28/2025 17:15,3.07,30.7,ft,A
5/28/2025 17:26,38.59,5/28/2025 17:30,3.09,30.9,ft,A
5/28/2025 17:41,37.95,5/28/2025 17:45,3.08,30.8,ft,A
5/29/2025 7:12,37.28,5/29/2025 7:15,2.1,21,ft,A
5/29/2025 7:27,38.68,5/29/2025 7:30,2.13,21.3,ft,A
5/29/2025 7:42,38.5,5/29/2025 7:45,2.19,21.9,ft,A
5/29/2025 8:12,39.79,5/29/2025 8:15,2.31,23.1,ft,A
5/29/2025 8:27,38.96,5/29/2025 8:30,2.37,23.7,ft,A
5/29/2025 8:42,44.8,5/29/2025 8:45,2.44,24.4,ft,A
5/29/2025 9:12,39.64,5/29/2025 9:15,2.54,25.4,ft,A
5/29/2025 9:27,42.17,5/29/2025 9:30,2.58,25.8,ft,A
5/29/2025 9:42,45.44,5/29/2025 9:45,2.63,26.3,ft,A
5/29/2025 10:12,51.08,5/29/2025 10:15,2.67,26.7,ft,A
5/29/2025 10:27,42.84,5/29/2025 10:30,2.73,27.3,ft,A
5/29/2025 10:41,40.46,5/29/2025 10:45,2.75,27.5,ft,A
5/29/2025 10:42,40.46,5/29/2025 10:45,2.75,27.5,ft,A
5/29/2025 10:42,40.46,5/29/2025 10:45,2.75,27.5,ft,A
5/29/2025 10:47,40.46,5/29/2025 10:45,2.75,27.5,ft,A
5/29/2025 10:47,40.46,5/29/2025 10:45,2.75,27.5,ft,A
5/29/2025 10:48,40.46,5/29/2025 10:45,2.75,27.5,ft,A
5/29/2025 11:09,42.55,5/29/2025 11:15,2.82,28.2,ft,A
5/29/2025 11:24,50.85,5/29/2025 11:30,2.84,28.4,ft,A
5/29/2025 11:39,42.63,5/29/2025 11:45,2.87,28.7,ft,A
5/29/2025 12:09,44.35,5/29/2025 12:15,2.91,29.1,ft,A
5/29/2025 12:24,44.78,5/29/2025 12:30,2.92,29.2,ft,A
5/29/2025 12:39,45.43,5/29/2025 12:45,2.94,29.4,ft,A
5/29/2025 13:09,47.06,5/29/2025 13:15,2.98,29.8,ft,A
5/29/2025 13:24,45.24,5/29/2025 13:30,2.98,29.8,ft,A
5/29/2025 13:39,36.28,5/29/2025 13:45,3,30,ft,A
5/29/2025 14:09,42.17,5/29/2025 14:15,3.01,30.1,ft,A
5/29/2025 14:24,37.29,5/29/2025 14:30,3.02,30.2,ft,A
5/29/2025 14:39,33.82,5/29/2025 14:45,3.03,30.3,ft,A
5/29/2025 15:09,34.57,5/29/2025 15:15,3.03,30.3,ft,A
5/29/2025 15:24,39.61,5/29/2025 15:30,3.03,30.3,ft,A
5/29/2025 15:39,39.51,5/29/2025 15:45,3.03,30.3,ft,A
5/29/2025 16:09,41.4,5/29/2025 16:15,3.03,30.3,ft,A
5/29/2025 16:24,41.48,5/29/2025 16:30,3.03,30.3,ft,A
5/29/2025 16:39,40.5,5/29/2025 16:45,3.01,30.1,ft,A
5/29/2025 17:09,41.59,5/29/2025 17:15,3.01,30.1,ft,A
5/29/2025 17:14,41.59,5/29/2025 17:15,3.01,30.1,ft,A
5/29/2025 17:24,42.31,5/29/2025 17:30,3,30,ft,A
5/29/2025 17:39,40.33,5/29/2025 17:45,3.01,30.1,ft,A
5/30/2025 7:09,71.92,5/30/2025 7:15,2.07,20.7,ft,A
5/30/2025 7:24,83.13,5/30/2025 7:30,2.08,20.8,ft,A
5/30/2025 8:24,100.16,5/30/2025 8:30,2.13,21.3,ft,A
5/30/2025 8:39,91.48,5/30/2025 8:45,2.17,21.7,ft,A
5/30/2025 9:09,87.28,5/30/2025 9:15,2.28,22.8,ft,A
6/1/2025 7:24,61.41,6/1/2025 7:30,2.6,26,ft,A
6/1/2025 9:09,37.18,6/1/2025 9:15,2.53,25.3,ft,A
6/1/2025 9:25,39.48,6/1/2025 9:30,2.54,25.4,ft,A
6/1/2025 9:39,47.52,6/1/2025 9:45,2.55,25.5,ft,A
6/1/2025 10:09,49.21,6/1/2025 10:15,2.55,25.5,ft,A
6/1/2025 10:24,45.68,6/1/2025 10:30,2.56,25.6,ft,A
6/1/2025 10:39,37.24,6/1/2025 10:45,2.58,25.8,ft,A
6/1/2025 11:10,41,6/1/2025 11:15,2.64,26.4,ft,A
6/1/2025 11:25,46.43,6/1/2025 11:30,2.7,27,ft,A
6/1/2025 11:40,44.24,6/1/2025 11:45,2.73,27.3,ft,A
6/1/2025 12:10,39.03,6/1/2025 12:15,2.81,28.1,ft,A
6/1/2025 12:25,40.27,6/1/2025 12:30,2.82,28.2,ft,A
6/1/2025 12:40,39.98,6/1/2025 12:45,2.84,28.4,ft,A
6/1/2025 13:25,35.91,6/1/2025 13:30,2.95,29.5,ft,A
6/1/2025 13:36,35.91,6/1/2025 13:30,2.95,29.5,ft,A
6/1/2025 13:40,34.09,6/1/2025 13:45,2.94,29.4,ft,A
6/1/2025 14:10,83.5,6/1/2025 14:15,2.98,29.8,ft,A
6/1/2025 14:25,34.59,6/1/2025 14:30,3,30,ft,A
6/1/2025 14:26,34.59,6/1/2025 14:30,3,30,ft,A
6/1/2025 14:27,34.59,6/1/2025 14:30,3,30,ft,A
6/1/2025 15:10,59.17,6/1/2025 15:15,3.04,30.4,ft,A
6/1/2025 15:25,35.13,6/1/2025 15:30,3.07,30.7,ft,A
6/1/2025 15:40,99.96,6/1/2025 15:45,3.07,30.7,ft,A
6/1/2025 16:10,35.79,6/1/2025 16:15,3.07,30.7,ft,A
6/1/2025 16:25,38.78,6/1/2025 16:30,3.1,31,ft,A
6/1/2025 16:40,33.62,6/1/2025 16:45,3.09,30.9,ft,A
6/1/2025 17:10,32.06,6/1/2025 17:15,3.1,31,ft,A
6/1/2025 17:25,34.44,6/1/2025 17:30,3.11,31.1,ft,A
6/1/2025 17:40,32.91,6/1/2025 17:45,3.14,31.4,ft,A
6/2/2025 6:55,30.98,6/2/2025 7:00,2.64,26.4,ft,A
6/2/2025 7:10,28.87,6/2/2025 7:15,2.61,26.1,ft,A
6/2/2025 7:25,56.56,6/2/2025 7:30,2.59,25.9,ft,A
6/2/2025 7:40,28.86,6/2/2025 7:45,2.58,25.8,ft,A
6/2/2025 7:55,29.39,6/2/2025 8:00,2.56,25.6,ft,A
6/2/2025 8:10,29.09,6/2/2025 8:15,2.55,25.5,ft,A
6/2/2025 8:25,28.41,6/2/2025 8:30,2.54,25.4,ft,A
6/2/2025 8:40,28.51,6/2/2025 8:45,2.53,25.3,ft,A
6/2/2025 9:10,31.31,6/2/2025 9:15,2.52,25.2,ft,A
6/2/2025 9:25,33.2,6/2/2025 9:30,2.48,24.8,ft,A
6/2/2025 9:33,33.2,6/2/2025 9:30,2.48,24.8,ft,A
6/2/2025 9:40,32.03,6/2/2025 9:45,2.47,24.7,ft,A
6/2/2025 9:55,31.57,6/2/2025 10:00,2.49,24.9,ft,A
6/2/2025 10:10,45.1,6/2/2025 10:15,2.48,24.8,ft,A
6/2/2025 10:25,30.66,6/2/2025 10:30,2.48,24.8,ft,A
6/2/2025 10:40,37.8,6/2/2025 10:45,2.5,25,ft,A
6/2/2025 10:55,33.09,6/2/2025 11:00,2.51,25.1,ft,A
6/2/2025 11:10,37.11,6/2/2025 11:15,2.52,25.2,ft,A
6/2/2025 11:25,31.82,6/2/2025 11:30,2.55,25.5,ft,A
6/2/2025 11:40,41.81,6/2/2025 11:45,2.57,25.7,ft,A
6/2/2025 11:55,29.69,6/2/2025 12:00,2.6,26,ft,A
6/2/2025 12:10,27.54,6/2/2025 12:15,2.64,26.4,ft,A
6/2/2025 12:25,29.49,6/2/2025 12:30,2.66,26.6,ft,A
6/2/2025 12:26,29.49,6/2/2025 12:30,2.66,26.6,ft,A
6/2/2025 12:40,41.59,6/2/2025 12:45,2.66,26.6,ft,A
6/2/2025 12:55,29.59,6/2/2025 13:00,2.69,26.9,ft,A
6/2/2025 13:10,28.67,6/2/2025 13:15,2.75,27.5,ft,A
6/2/2025 13:25,30.69,6/2/2025 13:30,2.76,27.6,ft,A
6/2/2025 13:40,28.46,6/2/2025 13:45,2.82,28.2,ft,A
6/2/2025 13:55,29.57,6/2/2025 14:00,2.8,28,ft,A
6/2/2025 14:10,31.26,6/2/2025 14:15,2.81,28.1,ft,A
6/2/2025 14:25,31.55,6/2/2025 14:30,2.85,28.5,ft,A
6/2/2025 14:40,37.04,6/2/2025 14:45,2.86,28.6,ft,A
6/2/2025 14:55,28.17,6/2/2025 15:00,2.9,29,ft,A
6/2/2025 14:56,28.17,6/2/2025 15:00,2.9,29,ft,A
6/2/2025 15:10,28.66,6/2/2025 15:15,2.91,29.1,ft,A
6/2/2025 15:25,28.32,6/2/2025 15:30,2.89,28.9,ft,A
6/2/2025 15:40,28.68,6/2/2025 15:45,2.93,29.3,ft,A
6/2/2025 15:55,29.61,6/2/2025 16:00,2.93,29.3,ft,A
6/2/2025 16:10,36.63,6/2/2025 16:15,2.94,29.4,ft,A
6/2/2025 16:25,29.54,6/2/2025 16:30,2.95,29.5,ft,A
6/2/2025 16:40,83.92,6/2/2025 16:45,2.95,29.5,ft,A
6/2/2025 16:55,30.44,6/2/2025 17:00,2.99,29.9,ft,A
6/2/2025 17:10,33.47,6/2/2025 17:15,3,30,ft,A
6/2/2025 17:25,27.95,6/2/2025 17:30,2.99,29.9,ft,A
6/2/2025 17:40,29.19,6/2/2025 17:45,3,30,ft,A
6/3/2025 6:55,28.1,6/3/2025 7:00,2.82,28.2,ft,A
6/3/2025 7:10,28.26,6/3/2025 7:15,2.81,28.1,ft,A
6/3/2025 7:25,27.59,6/3/2025 7:30,2.8,28,ft,A
6/3/2025 7:40,29.13,6/3/2025 7:45,2.8,28,ft,A
6/3/2025 7:55,29.21,6/3/2025 8:00,2.79,27.9,ft,A
6/3/2025 8:10,27.9,6/3/2025 8:15,2.78,27.8,ft,A
6/3/2025 8:25,31.06,6/3/2025 8:30,2.78,27.8,ft,A
6/3/2025 8:32,31.06,6/3/2025 8:30,2.78,27.8,ft,A
6/3/2025 8:40,28.59,6/3/2025 8:45,2.73,27.3,ft,A
6/3/2025 8:55,28.24,6/3/2025 9:00,2.73,27.3,ft,A
6/3/2025 9:10,36.66,6/3/2025 9:15,2.72,27.2,ft,A
6/3/2025 9:25,37.95,6/3/2025 9:30,2.71,27.1,ft,A
6/3/2025 9:40,29.64,6/3/2025 9:45,2.7,27,ft,A
6/3/2025 10:10,29.34,6/3/2025 10:15,2.69,26.9,ft,A
6/3/2025 10:25,28.37,6/3/2025 10:30,2.7,27,ft,A
6/3/2025 10:40,29.88,6/3/2025 10:45,2.71,27.1,ft,A
6/3/2025 10:43,29.88,6/3/2025 10:45,2.71,27.1,ft,A
6/3/2025 10:55,31.49,6/3/2025 11:00,2.72,27.2,ft,A
6/3/2025 11:10,27.34,6/3/2025 11:15,2.73,27.3,ft,A
6/3/2025 11:25,32.97,6/3/2025 11:30,2.75,27.5,ft,A
6/3/2025 11:40,28.29,6/3/2025 11:45,2.75,27.5,ft,A
6/3/2025 11:55,29.36,6/3/2025 12:00,2.78,27.8,ft,A
6/3/2025 12:10,28.66,6/3/2025 12:15,2.83,28.3,ft,A
6/3/2025 12:25,30.64,6/3/2025 12:30,2.83,28.3,ft,A
6/3/2025 12:40,53.31,6/3/2025 12:45,2.87,28.7,ft,A
6/3/2025 12:55,28.84,6/3/2025 13:00,2.88,28.8,ft,A
6/3/2025 13:10,28.5,6/3/2025 13:15,2.89,28.9,ft,A
6/3/2025 13:25,29.23,6/3/2025 13:30,2.94,29.4,ft,A
6/3/2025 13:40,28.97,6/3/2025 13:45,2.97,29.7,ft,A
6/3/2025 13:55,29.54,6/3/2025 14:00,3,30,ft,A
6/3/2025 14:10,29.54,6/3/2025 14:15,3,30,ft,A
6/3/2025 14:25,29.07,6/3/2025 14:30,3.06,30.6,ft,A
6/3/2025 14:40,29.62,6/3/2025 14:45,3.05,30.5,ft,A
6/3/2025 14:55,28.36,6/3/2025 15:00,3.09,30.9,ft,A
6/3/2025 15:10,29.51,6/3/2025 15:15,3.12,31.2,ft,A
6/3/2025 15:25,41.81,6/3/2025 15:30,3.11,31.1,ft,A
6/3/2025 15:40,29.01,6/3/2025 15:45,3.13,31.3,ft,A
6/3/2025 15:55,27.82,6/3/2025 16:00,3.15,31.5,ft,A
6/3/2025 16:10,28.11,6/3/2025 16:15,3.17,31.7,ft,A
6/3/2025 16:25,27.56,6/3/2025 16:30,3.18,31.8,ft,A
6/3/2025 16:40,46.07,6/3/2025 16:45,3.2,32,ft,A
6/3/2025 16:55,30.14,6/3/2025 17:00,3.2,32,ft,A
6/3/2025 17:10,29.42,6/3/2025 17:15,3.19,31.9,ft,A
6/3/2025 17:25,29.38,6/3/2025 17:30,3.2,32,ft,A
6/3/2025 17:40,28.77,6/3/2025 17:45,3.17,31.7,ft,A
6/4/2025 6:55,28.85,6/4/2025 7:00,3.07,30.7,ft,A
6/4/2025 7:10,28.79,6/4/2025 7:15,3.07,30.7,ft,A
6/4/2025 7:25,50.07,6/4/2025 7:30,3.06,30.6,ft,A
6/4/2025 7:40,91.23,6/4/2025 7:45,3.05,30.5,ft,A
6/4/2025 7:55,30.04,6/4/2025 8:00,3.05,30.5,ft,A
6/4/2025 8:10,28.21,6/4/2025 8:15,3.03,30.3,ft,A
6/4/2025 8:25,32.92,6/4/2025 8:30,3.01,30.1,ft,A
6/4/2025 8:40,28.5,6/4/2025 8:45,3,30,ft,A
6/4/2025 8:55,28.14,6/4/2025 9:00,2.99,29.9,ft,A
6/4/2025 9:10,28.45,6/4/2025 9:15,2.96,29.6,ft,A
6/4/2025 9:25,30.79,6/4/2025 9:30,2.95,29.5,ft,A
6/4/2025 9:40,83.04,6/4/2025 9:45,2.92,29.2,ft,A
6/4/2025 9:55,27.25,6/4/2025 10:00,2.91,29.1,ft,A
6/4/2025 10:10,27.7,6/4/2025 10:15,2.9,29,ft,A
6/4/2025 10:25,27.66,6/4/2025 10:30,2.89,28.9,ft,A
6/4/2025 10:40,27.3,6/4/2025 10:45,2.86,28.6,ft,A
6/4/2025 10:55,28.21,6/4/2025 11:00,2.84,28.4,ft,A
6/4/2025 11:10,28.56,6/4/2025 11:15,2.84,28.4,ft,A
6/4/2025 11:25,29.68,6/4/2025 11:30,2.82,28.2,ft,A
6/4/2025 11:40,28.36,6/4/2025 11:45,2.82,28.2,ft,A
6/4/2025 12:10,28.08,6/4/2025 12:15,2.79,27.9,ft,A
6/4/2025 12:25,27.65,6/4/2025 12:30,2.79,27.9,ft,A
6/4/2025 12:40,29.63,6/4/2025 12:45,2.79,27.9,ft,A
6/4/2025 12:55,31.64,6/4/2025 13:00,2.8,28,ft,A
6/4/2025 13:10,30.93,6/4/2025 13:15,2.8,28,ft,A
6/4/2025 13:25,29.73,6/4/2025 13:30,2.79,27.9,ft,A
6/4/2025 13:40,28.29,6/4/2025 13:45,2.81,28.1,ft,A
6/4/2025 13:55,31.08,6/4/2025 14:00,2.79,27.9,ft,A
6/4/2025 14:10,28.18,6/4/2025 14:15,2.84,28.4,ft,A
6/4/2025 14:25,29.18,6/4/2025 14:30,2.83,28.3,ft,A
6/4/2025 14:40,29.31,6/4/2025 14:45,2.84,28.4,ft,A
6/4/2025 14:55,28.75,6/4/2025 15:00,2.84,28.4,ft,A
6/4/2025 15:10,28.62,6/4/2025 15:15,2.88,28.8,ft,A
6/4/2025 15:25,27.26,6/4/2025 15:30,2.89,28.9,ft,A
6/4/2025 15:40,27.64,6/4/2025 15:45,2.9,29,ft,A
6/4/2025 15:55,28.7,6/4/2025 16:00,2.93,29.3,ft,A
6/4/2025 16:10,30.34,6/4/2025 16:15,2.92,29.2,ft,A
6/4/2025 16:25,29.83,6/4/2025 16:30,2.96,29.6,ft,A
6/4/2025 16:40,29.29,6/4/2025 16:45,2.96,29.6,ft,A
6/4/2025 16:55,28.41,6/4/2025 17:00,2.95,29.5,ft,A
6/4/2025 17:10,28.39,6/4/2025 17:15,2.99,29.9,ft,A
6/4/2025 17:25,28.18,6/4/2025 17:30,2.99,29.9,ft,A
6/4/2025 17:40,34.76,6/4/2025 17:45,2.99,29.9,ft,A
6/5/2025 6:55,28.46,6/5/2025 7:00,2.82,28.2,ft,A
6/5/2025 7:10,29.45,6/5/2025 7:15,2.81,28.1,ft,A
6/5/2025 7:25,32.63,6/5/2025 7:30,2.82,28.2,ft,A
6/5/2025 7:40,29.86,6/5/2025 7:45,2.82,28.2,ft,A
6/5/2025 7:55,28.24,6/5/2025 8:00,2.83,28.3,ft,A
6/5/2025 8:10,100.81,6/5/2025 8:15,2.82,28.2,ft,A
6/5/2025 8:25,28.4,6/5/2025 8:30,2.82,28.2,ft,A
6/5/2025 8:40,33.23,6/5/2025 8:45,2.81,28.1,ft,A
6/5/2025 8:55,29.91,6/5/2025 9:00,2.8,28,ft,A
6/5/2025 9:10,29.63,6/5/2025 9:15,2.79,27.9,ft,A
6/5/2025 9:25,28.78,6/5/2025 9:30,2.76,27.6,ft,A
6/5/2025 9:40,33.41,6/5/2025 9:45,2.77,27.7,ft,A
6/5/2025 9:55,28.13,6/5/2025 10:00,2.73,27.3,ft,A
6/5/2025 10:10,29,6/5/2025 10:15,2.74,27.4,ft,A
6/5/2025 10:25,35.26,6/5/2025 10:30,2.74,27.4,ft,A
6/5/2025 10:40,28.42,6/5/2025 10:45,2.71,27.1,ft,A
6/5/2025 11:10,31.04,6/5/2025 11:15,2.67,26.7,ft,A
6/5/2025 11:25,30.04,6/5/2025 11:30,2.68,26.8,ft,A
6/5/2025 11:40,28.98,6/5/2025 11:45,2.68,26.8,ft,A
6/5/2025 11:55,28.87,6/5/2025 12:00,2.65,26.5,ft,A
6/5/2025 12:10,30.02,6/5/2025 12:15,2.67,26.7,ft,A
6/5/2025 12:25,31.82,6/5/2025 12:30,2.69,26.9,ft,A
6/5/2025 12:40,28.68,6/5/2025 12:45,2.66,26.6,ft,A
6/5/2025 12:55,28.94,6/5/2025 13:00,2.66,26.6,ft,A
6/5/2025 13:10,29.93,6/5/2025 13:15,2.67,26.7,ft,A
6/5/2025 13:25,30.95,6/5/2025 13:30,2.67,26.7,ft,A
6/5/2025 13:40,28.79,6/5/2025 13:45,2.67,26.7,ft,A
6/5/2025 13:55,27.65,6/5/2025 14:00,2.68,26.8,ft,A
6/5/2025 14:10,29.27,6/5/2025 14:15,2.67,26.7,ft,A
6/5/2025 14:25,28.48,6/5/2025 14:30,2.68,26.8,ft,A
6/5/2025 14:40,28.72,6/5/2025 14:45,2.68,26.8,ft,A
6/5/2025 14:55,30.4,6/5/2025 15:00,2.69,26.9,ft,A
6/5/2025 15:10,32.34,6/5/2025 15:15,2.68,26.8,ft,A
6/5/2025 15:25,29.81,6/5/2025 15:30,2.72,27.2,ft,A
6/5/2025 15:40,30.39,6/5/2025 15:45,2.71,27.1,ft,A
6/5/2025 15:55,29.07,6/5/2025 16:00,2.73,27.3,ft,A
6/5/2025 16:10,30.83,6/5/2025 16:15,2.72,27.2,ft,A
6/5/2025 16:25,31.13,6/5/2025 16:30,2.76,27.6,ft,A
6/5/2025 16:40,32.54,6/5/2025 16:45,2.73,27.3,ft,A
6/5/2025 17:10,34.34,6/5/2025 17:15,2.73,27.3,ft,A
6/5/2025 17:21,34.34,6/5/2025 17:15,2.73,27.3,ft,A
6/5/2025 17:25,61.93,6/5/2025 17:30,2.76,27.6,ft,A
6/5/2025 17:34,61.93,6/5/2025 17:30,2.76,27.6,ft,A
6/5/2025 17:40,62.3,6/5/2025 17:45,2.74,27.4,ft,A
