Reading,Receive,Value,Unit,Data Quality
2025-06-06 23:54:23,2025-06-06 23:55:05,82.77,in,A
2025-06-06 22:54:23,2025-06-06 22:55:05,82.77,in,A
2025-06-06 21:54:23,2025-06-06 21:55:04,82.77,in,A
2025-06-06 20:54:23,2025-06-06 20:55:05,82.77,in,A
2025-06-06 19:54:23,2025-06-06 19:55:04,82.77,in,A
2025-06-06 18:54:23,2025-06-06 18:55:04,82.77,in,A
2025-06-06 17:54:23,2025-06-06 17:55:04,82.77,in,A
2025-06-06 16:54:23,2025-06-06 16:55:05,82.77,in,A
2025-06-06 15:54:23,2025-06-06 15:55:04,82.77,in,A
2025-06-06 14:54:23,2025-06-06 14:55:04,82.77,in,A
2025-06-06 13:54:23,2025-06-06 13:55:05,82.77,in,A
2025-06-06 12:54:23,2025-06-06 12:55:04,82.77,in,A
2025-06-06 11:54:23,2025-06-06 11:55:05,82.77,in,A
2025-06-06 10:54:23,2025-06-06 10:55:06,82.77,in,A
2025-06-06 09:54:23,2025-06-06 09:55:04,82.77,in,A
2025-06-06 08:54:23,2025-06-06 08:55:04,82.77,in,A
2025-06-06 07:54:23,2025-06-06 07:55:05,82.77,in,A
2025-06-06 06:54:23,2025-06-06 06:55:05,82.77,in,A
2025-06-06 05:54:23,2025-06-06 05:55:05,82.77,in,A
2025-06-06 04:54:23,2025-06-06 04:55:04,82.77,in,A
2025-06-06 03:54:23,2025-06-06 03:55:05,82.77,in,A
2025-06-06 02:54:23,2025-06-06 02:55:04,82.77,in,A
2025-06-06 01:54:23,2025-06-06 01:55:05,82.77,in,A
2025-06-06 00:54:23,2025-06-06 00:55:04,82.77,in,A
2025-06-05 23:54:23,2025-06-05 23:55:05,82.77,in,A
2025-06-05 22:54:23,2025-06-05 22:55:04,82.77,in,A
2025-06-05 21:54:23,2025-06-05 21:55:06,82.77,in,A
2025-06-05 20:54:23,2025-06-05 20:55:04,82.77,in,A
2025-06-05 19:54:23,2025-06-05 19:55:05,82.77,in,A
2025-06-05 18:54:23,2025-06-05 18:55:05,82.77,in,A
2025-06-05 17:54:23,2025-06-05 17:55:05,82.77,in,A
2025-06-05 16:54:23,2025-06-05 16:55:05,82.77,in,A
2025-06-05 15:54:23,2025-06-05 15:55:06,82.77,in,A
2025-06-05 14:54:23,2025-06-05 14:55:04,82.77,in,A
2025-06-05 13:54:23,2025-06-05 13:55:05,82.77,in,A
2025-06-05 12:54:23,2025-06-05 12:55:06,82.77,in,A
2025-06-05 11:54:23,2025-06-05 11:55:06,82.77,in,A
2025-06-05 10:54:23,2025-06-05 10:55:05,82.77,in,A
2025-06-05 09:54:23,2025-06-05 09:55:05,82.77,in,A
2025-06-05 08:54:23,2025-06-05 08:55:05,82.77,in,A
2025-06-05 07:54:23,2025-06-05 07:55:04,82.77,in,A
2025-06-05 06:54:23,2025-06-05 06:55:03,82.77,in,A
2025-06-05 05:54:23,2025-06-05 05:55:04,82.77,in,A
2025-06-05 04:54:23,2025-06-05 04:55:04,82.77,in,A
2025-06-05 03:54:23,2025-06-05 03:55:05,82.77,in,A
2025-06-05 02:54:23,2025-06-05 02:55:04,82.77,in,A
2025-06-05 01:54:23,2025-06-05 01:55:05,82.77,in,A
2025-06-05 00:54:23,2025-06-05 00:55:04,82.77,in,A
2025-06-04 23:54:23,2025-06-04 23:55:04,82.77,in,A
2025-06-04 22:54:23,2025-06-04 22:55:05,82.77,in,A
2025-06-04 21:54:23,2025-06-04 21:55:05,82.77,in,A
2025-06-04 20:54:23,2025-06-04 20:55:04,82.77,in,A
2025-06-04 19:54:23,2025-06-04 19:55:05,82.77,in,A
2025-06-04 18:54:23,2025-06-04 18:55:04,82.77,in,A
2025-06-04 17:54:23,2025-06-04 17:55:05,82.77,in,A
2025-06-04 16:54:23,2025-06-04 16:55:05,82.77,in,A
2025-06-04 15:54:23,2025-06-04 15:55:06,82.77,in,A
2025-06-04 14:54:23,2025-06-04 14:55:04,82.77,in,A
2025-06-04 13:54:23,2025-06-04 13:55:05,82.77,in,A
2025-06-04 12:54:23,2025-06-04 12:55:06,82.77,in,A
2025-06-04 11:54:23,2025-06-04 11:55:06,82.77,in,A
2025-06-04 10:54:23,2025-06-04 10:55:05,82.77,in,A
2025-06-04 09:54:23,2025-06-04 09:55:06,82.77,in,A
2025-06-04 08:54:23,2025-06-04 08:55:05,82.77,in,A
2025-06-04 07:54:23,2025-06-04 07:55:04,82.77,in,A
2025-06-04 06:54:23,2025-06-04 06:55:04,82.77,in,A
2025-06-04 05:54:23,2025-06-04 05:55:04,82.77,in,A
2025-06-04 04:54:23,2025-06-04 04:55:04,82.77,in,A
2025-06-04 03:54:23,2025-06-04 03:55:04,82.77,in,A
2025-06-04 02:54:23,2025-06-04 02:55:04,82.77,in,A
2025-06-04 01:54:23,2025-06-04 01:55:04,82.77,in,A
2025-06-04 00:54:23,2025-06-04 00:55:05,82.77,in,A
2025-06-03 23:54:23,2025-06-03 23:55:05,82.77,in,A
2025-06-03 22:54:23,2025-06-03 22:55:05,82.77,in,A
2025-06-03 21:54:23,2025-06-03 21:55:04,82.77,in,A
2025-06-03 20:54:23,2025-06-03 20:55:05,82.77,in,A
2025-06-03 19:54:23,2025-06-03 19:55:04,82.77,in,A
2025-06-03 18:54:23,2025-06-03 18:55:05,82.77,in,A
2025-06-03 17:54:23,2025-06-03 17:55:04,82.77,in,A
2025-06-03 16:54:23,2025-06-03 16:55:05,82.77,in,A
2025-06-03 15:54:23,2025-06-03 15:55:04,82.77,in,A
2025-06-03 14:54:23,2025-06-03 14:55:04,82.77,in,A
2025-06-03 13:54:23,2025-06-03 13:55:05,82.77,in,A
2025-06-03 12:54:23,2025-06-03 12:55:05,82.77,in,A
2025-06-03 11:54:23,2025-06-03 11:55:04,82.77,in,A
2025-06-03 10:54:23,2025-06-03 10:55:04,82.77,in,A
2025-06-03 09:54:23,2025-06-03 09:55:05,82.77,in,A
2025-06-03 08:54:23,2025-06-03 08:55:04,82.77,in,A
2025-06-03 07:54:23,2025-06-03 07:55:04,82.77,in,A
2025-06-03 06:54:23,2025-06-03 06:55:05,82.77,in,A
2025-06-03 05:54:23,2025-06-03 05:55:05,82.77,in,A
2025-06-03 04:54:23,2025-06-03 04:55:05,82.77,in,A
2025-06-03 03:54:23,2025-06-03 03:55:04,82.77,in,A
2025-06-03 02:54:23,2025-06-03 02:55:04,82.77,in,A
2025-06-03 01:54:23,2025-06-03 01:55:05,82.77,in,A
2025-06-03 00:54:23,2025-06-03 00:55:04,82.77,in,A
2025-06-02 23:54:23,2025-06-02 23:55:04,82.77,in,A
2025-06-02 22:54:23,2025-06-02 22:55:04,82.77,in,A
2025-06-02 21:54:23,2025-06-02 21:55:05,82.77,in,A
2025-06-02 20:54:23,2025-06-02 20:55:05,82.77,in,A
2025-06-02 19:54:23,2025-06-02 19:55:04,82.77,in,A
2025-06-02 18:54:23,2025-06-02 18:55:04,82.77,in,A
2025-06-02 17:54:23,2025-06-02 17:55:05,82.77,in,A
2025-06-02 16:54:23,2025-06-02 16:55:04,82.77,in,A
2025-06-02 15:54:23,2025-06-02 15:55:04,82.77,in,A
2025-06-02 14:54:23,2025-06-02 14:55:05,82.77,in,A
2025-06-02 13:54:23,2025-06-02 13:55:06,82.77,in,A
2025-06-02 12:54:23,2025-06-02 12:55:04,82.77,in,A
2025-06-02 11:54:23,2025-06-02 11:55:05,82.77,in,A
2025-06-02 10:54:23,2025-06-02 10:55:05,82.77,in,A
2025-06-02 09:54:23,2025-06-02 09:55:04,82.77,in,A
2025-06-02 08:54:23,2025-06-02 08:55:04,82.77,in,A
2025-06-02 07:54:23,2025-06-02 07:55:06,82.77,in,A
2025-06-02 06:54:23,2025-06-02 06:55:05,82.77,in,A
2025-06-02 05:54:23,2025-06-02 05:55:05,82.77,in,A
2025-06-02 04:54:23,2025-06-02 04:55:05,82.77,in,A
2025-06-02 03:54:23,2025-06-02 03:55:04,82.77,in,A
2025-06-02 02:54:23,2025-06-02 02:55:05,82.77,in,A
2025-06-02 01:54:23,2025-06-02 01:55:05,82.77,in,A
2025-06-02 00:54:23,2025-06-02 00:55:06,82.77,in,A
2025-06-01 23:54:23,2025-06-01 23:55:05,82.77,in,A
2025-06-01 22:54:23,2025-06-01 22:55:05,82.77,in,A
2025-06-01 21:54:23,2025-06-01 21:55:04,82.77,in,A
2025-06-01 20:54:23,2025-06-01 20:55:05,82.77,in,A
2025-06-01 19:54:23,2025-06-01 19:55:05,82.77,in,A
2025-06-01 18:54:23,2025-06-01 18:55:05,82.77,in,A
2025-06-01 17:54:23,2025-06-01 17:55:04,82.77,in,A
2025-06-01 16:54:23,2025-06-01 16:55:05,82.77,in,A
2025-06-01 15:54:23,2025-06-01 15:55:06,82.77,in,A
2025-06-01 14:54:23,2025-06-01 14:55:06,82.77,in,A
2025-06-01 13:54:23,2025-06-01 13:55:05,82.77,in,A
2025-06-01 12:54:23,2025-06-01 12:55:05,82.77,in,A
2025-06-01 11:54:23,2025-06-01 11:55:05,82.77,in,A
2025-06-01 10:54:23,2025-06-01 10:55:05,82.77,in,A
2025-06-01 09:54:23,2025-06-01 09:55:04,82.77,in,A
2025-06-01 08:54:23,2025-06-01 08:55:04,82.77,in,A
2025-06-01 07:54:23,2025-06-01 07:55:06,82.77,in,A
2025-06-01 06:54:23,2025-06-01 06:55:04,82.77,in,A
2025-06-01 05:54:23,2025-06-01 05:55:05,82.77,in,A
2025-06-01 04:54:23,2025-06-01 04:55:06,82.77,in,A
2025-06-01 03:54:23,2025-06-01 03:55:05,82.77,in,A
2025-06-01 02:54:23,2025-06-01 02:55:05,82.77,in,A
2025-06-01 01:54:23,2025-06-01 01:55:05,82.77,in,A
2025-06-01 00:54:23,2025-06-01 00:55:05,82.77,in,A
2025-05-31 23:54:23,2025-05-31 23:55:04,82.77,in,A
2025-05-31 22:54:23,2025-05-31 22:55:05,82.77,in,A
2025-05-31 21:54:23,2025-05-31 21:55:05,82.77,in,A
2025-05-31 20:54:23,2025-05-31 20:55:05,82.77,in,A
2025-05-31 19:54:23,2025-05-31 19:55:05,82.77,in,A
2025-05-31 18:54:23,2025-05-31 18:55:04,82.77,in,A
2025-05-31 17:54:23,2025-05-31 17:55:05,82.77,in,A
2025-05-31 16:54:23,2025-05-31 16:55:05,82.77,in,A
2025-05-31 15:54:23,2025-05-31 15:55:05,82.77,in,A
2025-05-31 14:54:23,2025-05-31 14:55:05,82.77,in,A
2025-05-31 13:54:23,2025-05-31 13:55:05,82.77,in,A
2025-05-31 12:54:23,2025-05-31 12:55:05,82.77,in,A
2025-05-31 11:54:23,2025-05-31 11:55:05,82.77,in,A
2025-05-31 10:54:23,2025-05-31 10:55:05,82.77,in,A
2025-05-31 09:54:23,2025-05-31 09:55:05,82.77,in,A
2025-05-31 08:54:23,2025-05-31 08:55:05,82.77,in,A
2025-05-31 07:54:23,2025-05-31 07:55:05,82.77,in,A
2025-05-31 06:54:23,2025-05-31 06:55:04,82.77,in,A
2025-05-31 05:54:23,2025-05-31 05:55:04,82.77,in,A
2025-05-31 04:54:23,2025-05-31 04:55:05,82.77,in,A
2025-05-31 03:54:23,2025-05-31 03:55:05,82.77,in,A
2025-05-31 02:54:23,2025-05-31 02:55:05,82.77,in,A
2025-05-31 01:54:23,2025-05-31 01:55:05,82.77,in,A
2025-05-31 00:54:23,2025-05-31 00:55:05,82.77,in,A
2025-05-30 23:54:23,2025-05-30 23:55:04,82.77,in,A
2025-05-30 22:54:23,2025-05-30 22:55:04,82.77,in,A
2025-05-30 21:54:23,2025-05-30 21:55:04,82.77,in,A
2025-05-30 20:54:23,2025-05-30 20:55:04,82.77,in,A
2025-05-30 19:54:23,2025-05-30 19:55:06,82.77,in,A
2025-05-30 18:54:23,2025-05-30 18:55:05,82.77,in,A
2025-05-30 17:54:23,2025-05-30 17:55:04,82.77,in,A
2025-05-30 16:54:23,2025-05-30 16:55:06,82.77,in,A
2025-05-30 15:54:23,2025-05-30 15:55:04,82.77,in,A
2025-05-30 14:54:23,2025-05-30 14:55:05,82.77,in,A
2025-05-30 13:54:23,2025-05-30 13:55:10,82.77,in,A
2025-05-30 12:54:23,2025-05-30 12:55:06,82.77,in,A
2025-05-30 11:54:23,2025-05-30 11:55:05,82.77,in,A
2025-05-30 10:54:23,2025-05-30 10:55:05,82.77,in,A
2025-05-30 09:54:23,2025-05-30 09:55:05,82.77,in,A
2025-05-30 08:54:23,2025-05-30 08:55:05,82.77,in,A
2025-05-30 07:54:23,2025-05-30 07:55:05,82.77,in,A
2025-05-30 06:54:23,2025-05-30 06:55:05,82.77,in,A
2025-05-30 05:54:23,2025-05-30 05:55:05,82.77,in,A
2025-05-30 04:54:23,2025-05-30 04:55:05,82.77,in,A
2025-05-30 03:54:23,2025-05-30 03:55:06,82.77,in,A
2025-05-30 02:54:23,2025-05-30 02:55:06,82.77,in,A
2025-05-30 01:54:23,2025-05-30 01:55:05,82.77,in,A
2025-05-30 00:54:23,2025-05-30 00:55:05,82.77,in,A
2025-05-29 23:54:23,2025-05-29 23:55:05,82.77,in,A
2025-05-29 22:54:23,2025-05-29 22:55:05,82.77,in,A
2025-05-29 21:54:23,2025-05-29 21:55:05,82.77,in,A
2025-05-29 20:54:23,2025-05-29 20:55:05,82.77,in,A
2025-05-29 19:54:23,2025-05-29 19:55:05,82.77,in,A
2025-05-29 18:54:23,2025-05-29 18:55:04,82.77,in,A
2025-05-29 17:54:23,2025-05-29 17:55:06,82.77,in,A
2025-05-29 16:54:23,2025-05-29 16:55:04,82.77,in,A
2025-05-29 15:54:23,2025-05-29 15:55:06,82.77,in,A
2025-05-29 14:54:23,2025-05-29 14:55:05,82.77,in,A
2025-05-29 13:54:23,2025-05-29 13:55:06,82.77,in,A
2025-05-29 12:54:23,2025-05-29 12:55:05,82.77,in,A
2025-05-29 11:54:23,2025-05-29 11:55:04,82.77,in,A
2025-05-29 10:54:23,2025-05-29 10:55:04,82.77,in,A
2025-05-29 09:54:23,2025-05-29 09:55:05,82.77,in,A
2025-05-29 08:54:23,2025-05-29 08:55:05,82.77,in,A
2025-05-29 07:54:23,2025-05-29 07:55:04,82.77,in,A
2025-05-29 06:54:23,2025-05-29 06:55:05,82.77,in,A
2025-05-29 05:54:23,2025-05-29 05:55:05,82.77,in,A
2025-05-29 04:54:23,2025-05-29 04:55:05,82.77,in,A
2025-05-29 03:54:23,2025-05-29 03:55:04,82.77,in,A
2025-05-29 02:54:23,2025-05-29 02:55:05,82.77,in,A
2025-05-29 01:54:23,2025-05-29 01:55:05,82.77,in,A
2025-05-29 00:54:23,2025-05-29 00:55:04,82.77,in,A
2025-05-28 23:54:23,2025-05-28 23:55:04,82.77,in,A
2025-05-28 22:54:23,2025-05-28 22:55:06,82.77,in,A
2025-05-28 21:54:23,2025-05-28 21:55:05,82.77,in,A
2025-05-28 20:54:23,2025-05-28 20:55:05,82.77,in,A
2025-05-28 19:54:23,2025-05-28 19:55:06,82.77,in,A
2025-05-28 18:54:23,2025-05-28 18:55:05,82.77,in,A
2025-05-28 17:54:23,2025-05-28 17:55:05,82.77,in,A
2025-05-28 16:54:23,2025-05-28 16:55:06,82.77,in,A
2025-05-28 16:02:30,2025-05-28 16:05:06,82.77,in,A
2025-05-28 15:54:23,2025-05-28 15:55:08,82.76,in,A
2025-05-28 15:32:33,2025-05-28 15:35:06,82.76,in,A
2025-05-28 15:20:28,2025-05-28 15:25:07,82.75,in,A
2025-05-28 15:00:21,2025-05-28 15:05:06,82.74,in,A
2025-05-28 14:54:23,2025-05-28 14:55:08,82.73,in,A
2025-05-28 14:50:35,2025-05-28 14:55:06,82.73,in,A
2025-05-28 14:44:41,2025-05-28 14:45:07,82.72,in,A
2025-05-28 14:39:44,2025-05-28 14:45:07,82.71,in,A
2025-05-28 14:34:45,2025-05-28 14:35:08,82.70,in,A
2025-05-28 14:30:48,2025-05-28 14:35:06,82.69,in,A
2025-05-28 14:28:27,2025-05-28 14:30:08,82.68,in,A
2025-05-28 14:26:08,2025-05-28 14:30:07,82.67,in,A
2025-05-28 14:24:06,2025-05-28 14:25:08,82.66,in,A
2025-05-28 14:22:05,2025-05-28 14:25:07,82.65,in,A
2025-05-28 14:20:10,2025-05-28 14:25:06,82.64,in,A
2025-05-28 14:18:32,2025-05-28 14:20:10,82.63,in,A
2025-05-28 14:17:14,2025-05-28 14:20:09,82.62,in,A
2025-05-28 14:15:43,2025-05-28 14:20:09,82.61,in,A
2025-05-28 14:14:15,2025-05-28 14:15:10,82.60,in,A
2025-05-28 14:12:48,2025-05-28 14:15:10,82.59,in,A
2025-05-28 14:11:23,2025-05-28 14:15:09,82.58,in,A
2025-05-28 14:09:35,2025-05-28 14:15:08,82.57,in,A
2025-05-28 14:08:40,2025-05-28 14:10:11,82.56,in,A
2025-05-28 14:07:20,2025-05-28 14:10:10,82.55,in,A
2025-05-28 14:05:56,2025-05-28 14:10:09,82.54,in,A
2025-05-28 14:04:03,2025-05-28 14:05:09,82.53,in,A
2025-05-28 14:01:17,2025-05-28 14:05:07,82.52,in,A
2025-05-28 13:55:55,2025-05-28 14:00:10,82.51,in,A
2025-05-28 13:54:23,2025-05-28 13:55:10,82.50,in,A
2025-05-28 13:51:47,2025-05-28 13:55:09,82.50,in,A
2025-05-28 13:48:41,2025-05-28 13:50:11,82.49,in,A
2025-05-28 13:46:50,2025-05-28 13:50:10,82.48,in,A
2025-05-28 13:45:42,2025-05-28 13:50:09,82.47,in,A
2025-05-28 13:44:57,2025-05-28 13:50:08,82.46,in,A
2025-05-28 13:43:52,2025-05-28 13:45:09,82.45,in,A
2025-05-28 13:43:12,2025-05-28 13:45:09,82.44,in,A
2025-05-28 13:42:28,2025-05-28 13:45:09,82.43,in,A
2025-05-28 13:41:51,2025-05-28 13:45:09,82.42,in,A
2025-05-28 13:39:52,2025-05-28 13:45:08,82.41,in,A
2025-05-28 13:39:26,2025-05-28 13:45:07,82.40,in,A
2025-05-28 13:38:55,2025-05-28 13:45:07,82.39,in,A
2025-05-28 13:38:23,2025-05-28 13:40:11,82.38,in,A
2025-05-28 13:37:37,2025-05-28 13:40:11,82.37,in,A
2025-05-28 13:37:33,2025-05-28 13:40:11,82.36,in,A
2025-05-28 13:37:06,2025-05-28 13:40:11,82.35,in,A
2025-05-28 13:36:18,2025-05-28 13:40:10,82.34,in,A
2025-05-28 13:35:42,2025-05-28 13:40:10,82.33,in,A
2025-05-28 13:35:25,2025-05-28 13:40:10,82.32,in,A
2025-05-28 13:35:06,2025-05-28 13:40:09,82.31,in,A
2025-05-28 13:34:50,2025-05-28 13:40:09,82.30,in,A
2025-05-28 13:34:47,2025-05-28 13:35:11,82.28,in,A
2025-05-28 13:34:34,2025-05-28 13:35:11,82.27,in,A
2025-05-28 13:34:21,2025-05-28 13:35:11,82.26,in,A
2025-05-28 13:34:04,2025-05-28 13:35:11,82.25,in,A
2025-05-28 13:33:47,2025-05-28 13:35:11,82.24,in,A
2025-05-28 13:33:28,2025-05-28 13:35:11,82.23,in,A
2025-05-28 13:33:13,2025-05-28 13:35:11,82.22,in,A
2025-05-28 13:32:59,2025-05-28 13:35:11,82.21,in,A
2025-05-28 13:32:45,2025-05-28 13:35:11,82.20,in,A
2025-05-28 13:32:29,2025-05-28 13:35:11,82.19,in,A
2025-05-28 13:32:10,2025-05-28 13:35:11,82.18,in,A
2025-05-28 13:31:54,2025-05-28 13:35:11,82.17,in,A
2025-05-28 13:31:40,2025-05-28 13:35:11,82.16,in,A
2025-05-28 13:31:23,2025-05-28 13:35:11,82.15,in,A
2025-05-28 13:31:08,2025-05-28 13:35:10,82.14,in,A
2025-05-28 13:30:54,2025-05-28 13:35:10,82.13,in,A
2025-05-28 13:30:35,2025-05-28 13:35:10,82.12,in,A
2025-05-28 13:30:18,2025-05-28 13:35:10,82.11,in,A
2025-05-28 13:29:57,2025-05-28 13:35:10,82.10,in,A
2025-05-28 13:29:37,2025-05-28 13:35:10,82.09,in,A
2025-05-28 13:29:19,2025-05-28 13:35:10,82.08,in,A
2025-05-28 13:29:06,2025-05-28 13:35:09,82.07,in,A
2025-05-28 13:28:45,2025-05-28 13:30:15,82.06,in,A
2025-05-28 13:28:23,2025-05-28 13:30:15,82.05,in,A
2025-05-28 13:28:05,2025-05-28 13:30:15,82.04,in,A
2025-05-28 13:27:33,2025-05-28 13:30:15,82.03,in,A
2025-05-28 13:27:05,2025-05-28 13:30:15,82.02,in,A
2025-05-28 13:26:50,2025-05-28 13:30:15,82.01,in,A
2025-05-28 13:25:56,2025-05-28 13:30:15,82.00,in,A
2025-05-28 13:25:42,2025-05-28 13:30:14,81.99,in,A
2025-05-28 13:25:13,2025-05-28 13:30:14,81.98,in,A
2025-05-28 13:24:47,2025-05-28 13:30:14,81.97,in,A
2025-05-28 13:24:43,2025-05-28 13:30:14,81.96,in,A
2025-05-28 13:24:28,2025-05-28 13:25:13,81.95,in,A
2025-05-28 13:23:55,2025-05-28 13:25:13,81.94,in,A
2025-05-28 13:23:33,2025-05-28 13:25:13,81.93,in,A
2025-05-28 13:23:00,2025-05-28 13:25:13,81.92,in,A
2025-05-28 13:22:19,2025-05-28 13:25:13,81.91,in,A
2025-05-28 13:21:39,2025-05-28 13:25:12,81.90,in,A
2025-05-28 13:20:58,2025-05-28 13:25:12,81.89,in,A
2025-05-28 13:20:25,2025-05-28 13:25:12,81.88,in,A
2025-05-28 13:19:57,2025-05-28 13:25:11,81.87,in,A
2025-05-28 13:19:20,2025-05-28 13:25:11,81.86,in,A
2025-05-28 13:19:04,2025-05-28 13:25:10,81.85,in,A
2025-05-28 13:18:26,2025-05-28 13:20:14,81.84,in,A
2025-05-28 13:18:07,2025-05-28 13:20:14,81.83,in,A
2025-05-28 13:17:49,2025-05-28 13:20:14,81.82,in,A
2025-05-28 13:17:02,2025-05-28 13:20:14,81.81,in,A
2025-05-28 13:15:32,2025-05-28 13:20:13,81.80,in,A
2025-05-28 13:14:22,2025-05-28 13:15:14,81.79,in,A
2025-05-28 13:07:22,2025-05-28 13:10:14,81.78,in,A
2025-05-28 12:55:51,2025-05-28 13:00:19,81.77,in,A
2025-05-28 12:54:23,2025-05-28 12:55:11,81.76,in,A
2025-05-28 11:54:23,2025-05-28 11:55:06,81.76,in,A
2025-05-28 10:54:23,2025-05-28 10:55:05,81.76,in,A
2025-05-28 09:54:23,2025-05-28 09:55:05,81.76,in,A
2025-05-28 08:54:23,2025-05-28 08:55:04,81.76,in,A
2025-05-28 07:54:23,2025-05-28 07:55:04,81.76,in,A
2025-05-28 06:54:23,2025-05-28 06:55:05,81.76,in,A
2025-05-28 05:54:23,2025-05-28 05:55:05,81.76,in,A
2025-05-28 04:54:23,2025-05-28 04:55:05,81.76,in,A
2025-05-28 03:54:23,2025-05-28 03:55:05,81.76,in,A
2025-05-28 02:54:23,2025-05-28 02:55:05,81.76,in,A
2025-05-28 01:54:23,2025-05-28 01:55:05,81.76,in,A
2025-05-28 00:54:23,2025-05-28 00:55:04,81.76,in,A
2025-05-27 23:54:23,2025-05-27 23:55:04,81.76,in,A
2025-05-27 22:54:23,2025-05-27 22:55:04,81.76,in,A
2025-05-27 21:54:23,2025-05-27 21:55:04,81.76,in,A
2025-05-27 20:54:23,2025-05-27 20:55:04,81.76,in,A
2025-05-27 19:54:23,2025-05-27 19:55:05,81.76,in,A
2025-05-27 18:54:23,2025-05-27 18:55:05,81.76,in,A
2025-05-27 17:54:23,2025-05-27 17:55:05,81.76,in,A
2025-05-27 16:54:23,2025-05-27 16:55:06,81.76,in,A
2025-05-27 15:54:23,2025-05-27 15:55:04,81.76,in,A
2025-05-27 14:54:23,2025-05-27 14:55:03,81.76,in,A
2025-05-27 13:54:23,2025-05-27 13:55:06,81.76,in,A
2025-05-27 12:54:23,2025-05-27 12:55:04,81.76,in,A
2025-05-27 11:54:23,2025-05-27 11:55:04,81.76,in,A
2025-05-27 10:54:23,2025-05-27 10:55:05,81.76,in,A
2025-05-27 09:54:23,2025-05-27 09:55:05,81.76,in,A
2025-05-27 08:54:23,2025-05-27 08:55:04,81.76,in,A
2025-05-27 08:06:52,2025-05-27 08:10:04,81.76,in,A
2025-05-27 07:54:23,2025-05-27 07:55:04,81.75,in,A
2025-05-27 07:22:52,2025-05-27 07:25:05,81.75,in,A
2025-05-27 07:17:37,2025-05-27 07:20:09,81.74,in,A
2025-05-27 07:13:43,2025-05-27 07:15:06,81.73,in,A
2025-05-27 07:11:27,2025-05-27 07:15:06,81.72,in,A
2025-05-27 07:09:17,2025-05-27 07:15:05,81.71,in,A
2025-05-27 07:08:21,2025-05-27 07:10:07,81.70,in,A
2025-05-27 07:06:28,2025-05-27 07:10:06,81.69,in,A
2025-05-27 07:01:55,2025-05-27 07:05:05,81.68,in,A
2025-05-27 06:57:11,2025-05-27 07:00:09,81.67,in,A
2025-05-27 06:54:23,2025-05-27 06:55:08,81.66,in,A
2025-05-27 06:52:28,2025-05-27 06:55:07,81.66,in,A
2025-05-27 06:45:51,2025-05-27 06:50:05,81.65,in,A
2025-05-27 06:00:36,2025-05-27 06:05:05,81.64,in,A
2025-05-27 05:54:23,2025-05-27 05:55:04,81.63,in,A
2025-05-27 05:13:09,2025-05-27 05:15:07,81.63,in,A
2025-05-27 05:07:02,2025-05-27 05:10:08,81.62,in,A
2025-05-27 04:56:40,2025-05-27 05:00:09,81.61,in,A
2025-05-27 04:54:23,2025-05-27 04:55:06,81.60,in,A
2025-05-27 04:43:09,2025-05-27 04:45:05,81.60,in,A
2025-05-27 04:37:26,2025-05-27 04:40:07,81.59,in,A
2025-05-27 04:34:22,2025-05-27 04:35:08,81.58,in,A
2025-05-27 04:28:58,2025-05-27 04:35:05,81.57,in,A
2025-05-27 04:21:15,2025-05-27 04:25:06,81.56,in,A
2025-05-27 04:14:13,2025-05-27 04:15:09,81.55,in,A
2025-05-27 04:04:15,2025-05-27 04:05:08,81.54,in,A
2025-05-27 03:54:23,2025-05-27 03:55:08,81.53,in,A
2025-05-27 03:46:41,2025-05-27 03:50:08,81.53,in,A
2025-05-27 03:39:07,2025-05-27 03:45:04,81.52,in,A
2025-05-27 03:26:36,2025-05-27 03:30:07,81.51,in,A
2025-05-27 03:22:38,2025-05-27 03:25:07,81.50,in,A
2025-05-27 03:16:33,2025-05-27 03:20:06,81.49,in,A
2025-05-27 03:10:57,2025-05-27 03:15:07,81.48,in,A
2025-05-27 02:57:05,2025-05-27 03:00:12,81.47,in,A
2025-05-27 02:54:23,2025-05-27 02:55:09,81.46,in,A
2025-05-27 02:48:53,2025-05-27 02:55:05,81.46,in,A
2025-05-27 02:35:54,2025-05-27 02:40:11,81.45,in,A
2025-05-27 02:26:49,2025-05-27 02:30:14,81.44,in,A
2025-05-27 02:22:20,2025-05-27 02:25:11,81.43,in,A
2025-05-27 02:19:11,2025-05-27 02:25:09,81.42,in,A
2025-05-27 02:17:46,2025-05-27 02:20:13,81.41,in,A
2025-05-27 02:16:19,2025-05-27 02:20:12,81.40,in,A
2025-05-27 02:15:22,2025-05-27 02:20:12,81.39,in,A
2025-05-27 02:14:09,2025-05-27 02:15:12,81.38,in,A
2025-05-27 02:13:31,2025-05-27 02:15:12,81.37,in,A
2025-05-27 02:12:29,2025-05-27 02:15:11,81.36,in,A
2025-05-27 02:11:47,2025-05-27 02:15:11,81.35,in,A
2025-05-27 02:11:01,2025-05-27 02:15:11,81.34,in,A
2025-05-27 02:10:35,2025-05-27 02:15:10,81.33,in,A
2025-05-27 02:10:27,2025-05-27 02:15:10,81.32,in,A
2025-05-27 02:10:05,2025-05-27 02:15:10,81.31,in,A
2025-05-27 02:09:31,2025-05-27 02:15:09,81.30,in,A
2025-05-27 02:08:50,2025-05-27 02:15:09,81.29,in,A
2025-05-27 02:07:13,2025-05-27 02:10:13,81.28,in,A
2025-05-27 02:06:47,2025-05-27 02:10:13,81.27,in,A
2025-05-27 02:06:17,2025-05-27 02:10:12,81.26,in,A
2025-05-27 02:05:28,2025-05-27 02:10:12,81.25,in,A
2025-05-27 02:05:01,2025-05-27 02:10:11,81.24,in,A
2025-05-27 02:04:18,2025-05-27 02:05:14,81.23,in,A
2025-05-27 02:03:57,2025-05-27 02:05:14,81.22,in,A
2025-05-27 02:03:33,2025-05-27 02:05:14,81.21,in,A
2025-05-27 02:03:13,2025-05-27 02:05:14,81.20,in,A
2025-05-27 02:02:57,2025-05-27 02:05:14,81.19,in,A
2025-05-27 02:02:53,2025-05-27 02:05:14,81.18,in,A
2025-05-27 02:02:30,2025-05-27 02:05:13,81.17,in,A
2025-05-27 02:02:11,2025-05-27 02:05:13,81.16,in,A
2025-05-27 02:01:53,2025-05-27 02:05:13,81.15,in,A
2025-05-27 02:01:48,2025-05-27 02:05:13,81.14,in,A
2025-05-27 02:01:17,2025-05-27 02:05:13,81.13,in,A
2025-05-27 02:01:09,2025-05-27 02:05:13,81.12,in,A
2025-05-27 02:00:57,2025-05-27 02:05:12,81.11,in,A
2025-05-27 02:00:40,2025-05-27 02:05:12,81.10,in,A
2025-05-27 02:00:32,2025-05-27 02:05:12,81.08,in,A
2025-05-27 02:00:18,2025-05-27 02:05:12,81.07,in,A
2025-05-27 02:00:08,2025-05-27 02:05:12,81.06,in,A
2025-05-27 01:59:58,2025-05-27 02:05:11,81.05,in,A
2025-05-27 01:59:42,2025-05-27 02:05:11,81.04,in,A
2025-05-27 01:59:27,2025-05-27 02:05:11,81.03,in,A
2025-05-27 01:59:15,2025-05-27 02:05:11,81.02,in,A
2025-05-27 01:59:04,2025-05-27 02:05:10,81.01,in,A
2025-05-27 01:58:23,2025-05-27 02:00:20,81.00,in,A
2025-05-27 01:58:10,2025-05-27 02:00:20,80.99,in,A
2025-05-27 01:58:02,2025-05-27 02:00:20,80.98,in,A
2025-05-27 01:57:50,2025-05-27 02:00:20,80.97,in,A
2025-05-27 01:57:39,2025-05-27 02:00:20,80.96,in,A
2025-05-27 01:57:29,2025-05-27 02:00:19,80.95,in,A
2025-05-27 01:57:08,2025-05-27 02:00:19,80.94,in,A
2025-05-27 01:57:03,2025-05-27 02:00:19,80.93,in,A
2025-05-27 01:56:42,2025-05-27 02:00:19,80.92,in,A
2025-05-27 01:56:25,2025-05-27 02:00:19,80.91,in,A
2025-05-27 01:56:13,2025-05-27 02:00:18,80.90,in,A
2025-05-27 01:56:05,2025-05-27 02:00:18,80.89,in,A
2025-05-27 01:55:49,2025-05-27 02:00:18,80.88,in,A
2025-05-27 01:55:42,2025-05-27 02:00:18,80.87,in,A
2025-05-27 01:55:32,2025-05-27 02:00:18,80.86,in,A
2025-05-27 01:55:21,2025-05-27 02:00:18,80.85,in,A
2025-05-27 01:55:08,2025-05-27 02:00:18,80.84,in,A
2025-05-27 01:55:03,2025-05-27 02:00:17,80.83,in,A
2025-05-27 01:54:45,2025-05-27 02:00:17,80.82,in,A
2025-05-27 01:54:34,2025-05-27 02:00:17,80.81,in,A
2025-05-27 01:54:24,2025-05-27 02:00:16,80.80,in,A
2025-05-27 01:54:14,2025-05-27 01:55:14,80.79,in,A
2025-05-27 01:54:05,2025-05-27 01:55:14,80.78,in,A
2025-05-27 01:53:55,2025-05-27 01:55:14,80.77,in,A
2025-05-27 01:53:43,2025-05-27 01:55:14,80.76,in,A
2025-05-27 01:53:24,2025-05-27 01:55:14,80.75,in,A
2025-05-27 01:53:14,2025-05-27 01:55:14,80.74,in,A
2025-05-27 01:53:04,2025-05-27 01:55:14,80.73,in,A
2025-05-27 01:52:57,2025-05-27 01:55:13,80.72,in,A
2025-05-27 01:52:53,2025-05-27 01:55:13,80.71,in,A
2025-05-27 01:52:22,2025-05-27 01:55:13,80.70,in,A
2025-05-27 01:52:15,2025-05-27 01:55:13,80.69,in,A
2025-05-27 01:52:11,2025-05-27 01:55:13,80.68,in,A
2025-05-27 01:51:51,2025-05-27 01:55:13,80.67,in,A
2025-05-27 01:51:41,2025-05-27 01:55:12,80.66,in,A
2025-05-27 01:51:33,2025-05-27 01:55:12,80.65,in,A
2025-05-27 01:51:18,2025-05-27 01:55:12,80.64,in,A
2025-05-27 01:51:13,2025-05-27 01:55:12,80.63,in,A
2025-05-27 01:50:52,2025-05-27 01:55:12,80.62,in,A
2025-05-27 01:50:43,2025-05-27 01:55:11,80.59,in,A
2025-05-27 01:50:23,2025-05-27 01:55:11,80.58,in,A
2025-05-27 01:50:09,2025-05-27 01:55:11,80.57,in,A
2025-05-27 01:50:04,2025-05-27 01:55:11,80.56,in,A
2025-05-27 01:49:34,2025-05-27 01:55:10,80.55,in,A
2025-05-27 01:49:11,2025-05-27 01:55:10,80.54,in,A
2025-05-27 01:48:18,2025-05-27 01:50:13,80.53,in,A
2025-05-27 01:48:10,2025-05-27 01:50:12,80.52,in,A
2025-05-27 01:47:40,2025-05-27 01:50:12,80.51,in,A
2025-05-27 00:54:23,2025-05-27 00:55:05,80.50,in,A
2025-05-26 23:54:23,2025-05-26 23:55:04,80.50,in,A
2025-05-26 22:54:23,2025-05-26 22:55:04,80.50,in,A
2025-05-26 21:54:23,2025-05-26 21:55:05,80.50,in,A
2025-05-26 20:54:23,2025-05-26 20:55:04,80.50,in,A
2025-05-26 19:54:23,2025-05-26 19:55:05,80.50,in,A
2025-05-26 18:54:23,2025-05-26 18:55:03,80.50,in,A
2025-05-26 17:54:23,2025-05-26 17:55:04,80.50,in,A
2025-05-26 16:54:23,2025-05-26 16:55:04,80.50,in,A
2025-05-26 15:54:23,2025-05-26 15:55:04,80.50,in,A
2025-05-26 14:54:23,2025-05-26 14:55:04,80.50,in,A
2025-05-26 13:54:23,2025-05-26 13:55:05,80.50,in,A
2025-05-26 13:26:41,2025-05-26 13:30:08,80.50,in,A
2025-05-26 13:17:56,2025-05-26 13:20:07,80.49,in,A
2025-05-26 13:15:31,2025-05-26 13:20:06,80.48,in,A
2025-05-26 13:14:10,2025-05-26 13:15:06,80.47,in,A
2025-05-26 13:12:49,2025-05-26 13:15:06,80.46,in,A
2025-05-26 13:11:41,2025-05-26 13:15:05,80.45,in,A
2025-05-26 13:10:55,2025-05-26 13:15:05,80.44,in,A
2025-05-26 13:09:39,2025-05-26 13:15:04,80.43,in,A
2025-05-26 13:08:45,2025-05-26 13:15:04,80.42,in,A
2025-05-26 13:07:56,2025-05-26 13:10:08,80.41,in,A
2025-05-26 13:06:19,2025-05-26 13:10:06,80.40,in,A
2025-05-26 13:03:05,2025-05-26 13:05:09,80.39,in,A
2025-05-26 12:52:52,2025-05-26 12:55:08,80.38,in,A
2025-05-26 12:08:19,2025-05-26 12:10:06,80.37,in,A
2025-05-26 12:06:57,2025-05-26 12:10:05,80.36,in,A
2025-05-26 12:05:28,2025-05-26 12:10:04,80.35,in,A
2025-05-26 12:03:33,2025-05-26 12:05:05,80.34,in,A
2025-05-26 11:57:43,2025-05-26 12:00:06,80.33,in,A
2025-05-26 11:54:23,2025-05-26 11:55:08,80.32,in,A
2025-05-26 10:54:23,2025-05-26 10:55:05,80.32,in,A
2025-05-26 09:54:23,2025-05-26 09:55:03,80.32,in,A
2025-05-26 08:54:23,2025-05-26 08:55:05,80.32,in,A
2025-05-26 07:54:23,2025-05-26 07:55:04,80.32,in,A
2025-05-26 06:54:23,2025-05-26 06:55:04,80.32,in,A
2025-05-26 05:54:23,2025-05-26 05:55:05,80.32,in,A
2025-05-26 04:54:23,2025-05-26 04:55:03,80.32,in,A
2025-05-26 03:54:23,2025-05-26 03:55:03,80.32,in,A
2025-05-26 02:54:23,2025-05-26 02:55:04,80.32,in,A
2025-05-26 01:54:23,2025-05-26 01:55:05,80.32,in,A
2025-05-26 00:54:23,2025-05-26 00:55:05,80.32,in,A
2025-05-25 23:54:23,2025-05-25 23:55:03,80.32,in,A
2025-05-25 22:54:23,2025-05-25 22:55:03,80.32,in,A
2025-05-25 21:54:23,2025-05-25 21:55:05,80.32,in,A
2025-05-25 20:54:23,2025-05-25 20:55:03,80.32,in,A
2025-05-25 19:54:23,2025-05-25 19:55:04,80.32,in,A
2025-05-25 18:54:23,2025-05-25 18:55:05,80.32,in,A
2025-05-25 17:54:23,2025-05-25 17:55:05,80.32,in,A
2025-05-25 16:54:23,2025-05-25 16:55:03,80.32,in,A
2025-05-25 15:54:23,2025-05-25 15:55:04,80.32,in,A
2025-05-25 14:54:23,2025-05-25 14:55:06,80.32,in,A
2025-05-25 13:54:23,2025-05-25 13:55:05,80.32,in,A
2025-05-25 12:54:23,2025-05-25 12:55:04,80.32,in,A
2025-05-25 11:54:23,2025-05-25 11:55:04,80.32,in,A
2025-05-25 10:54:23,2025-05-25 10:55:04,80.32,in,A
2025-05-25 09:54:23,2025-05-25 09:55:04,80.32,in,A
2025-05-25 08:54:23,2025-05-25 08:55:05,80.32,in,A
2025-05-25 07:54:23,2025-05-25 07:55:04,80.32,in,A
2025-05-25 06:54:23,2025-05-25 06:55:04,80.32,in,A
2025-05-25 05:54:23,2025-05-25 05:55:04,80.32,in,A
2025-05-25 04:54:23,2025-05-25 04:55:03,80.32,in,A
2025-05-25 03:54:23,2025-05-25 03:55:03,80.32,in,A
2025-05-25 02:54:23,2025-05-25 02:55:04,80.32,in,A
2025-05-25 01:54:23,2025-05-25 01:55:04,80.32,in,A
2025-05-25 00:54:23,2025-05-25 00:55:04,80.32,in,A
2025-05-24 23:54:23,2025-05-24 23:55:04,80.32,in,A
2025-05-24 22:54:23,2025-05-24 22:55:04,80.32,in,A
2025-05-24 21:54:23,2025-05-24 21:55:04,80.32,in,A
2025-05-24 20:54:23,2025-05-24 20:55:04,80.32,in,A
2025-05-24 19:54:23,2025-05-24 19:55:05,80.32,in,A
2025-05-24 18:54:23,2025-05-24 18:55:04,80.32,in,A
2025-05-24 17:54:23,2025-05-24 17:55:05,80.32,in,A
2025-05-24 16:54:23,2025-05-24 16:55:04,80.32,in,A
2025-05-24 15:54:23,2025-05-24 15:55:05,80.32,in,A
2025-05-24 14:54:23,2025-05-24 14:55:05,80.32,in,A
2025-05-24 13:54:23,2025-05-24 13:55:04,80.32,in,A
2025-05-24 12:54:23,2025-05-24 12:55:06,80.32,in,A
2025-05-24 11:54:23,2025-05-24 11:55:05,80.32,in,A
2025-05-24 10:54:23,2025-05-24 10:55:04,80.32,in,A
2025-05-24 09:54:23,2025-05-24 09:55:04,80.32,in,A
2025-05-24 08:54:23,2025-05-24 08:55:05,80.32,in,A
2025-05-24 07:54:23,2025-05-24 07:55:04,80.32,in,A
2025-05-24 06:54:23,2025-05-24 06:55:04,80.32,in,A
2025-05-24 05:54:23,2025-05-24 05:55:05,80.32,in,A
2025-05-24 04:54:23,2025-05-24 04:55:04,80.32,in,A
2025-05-24 03:54:23,2025-05-24 03:55:04,80.32,in,A
2025-05-24 02:54:23,2025-05-24 02:55:04,80.32,in,A
2025-05-24 01:54:23,2025-05-24 01:55:04,80.32,in,A
2025-05-24 00:54:23,2025-05-24 00:55:04,80.32,in,A
2025-05-23 23:54:23,2025-05-23 23:55:05,80.32,in,A
2025-05-23 22:54:23,2025-05-23 22:55:05,80.32,in,A
2025-05-23 21:54:23,2025-05-23 21:55:03,80.32,in,A
2025-05-23 20:54:23,2025-05-23 20:55:05,80.32,in,A
2025-05-23 19:54:23,2025-05-23 19:55:04,80.32,in,A
2025-05-23 18:54:23,2025-05-23 18:55:04,80.32,in,A
2025-05-23 17:54:23,2025-05-23 17:55:07,80.32,in,A
2025-05-23 16:54:23,2025-05-23 16:55:04,80.32,in,A
2025-05-23 15:54:23,2025-05-23 15:55:05,80.32,in,A
2025-05-23 14:54:23,2025-05-23 14:55:05,80.32,in,A
2025-05-23 13:54:23,2025-05-23 13:55:04,80.32,in,A
2025-05-23 12:54:23,2025-05-23 12:55:05,80.32,in,A
2025-05-23 11:54:23,2025-05-23 11:55:05,80.32,in,A
2025-05-23 10:54:23,2025-05-23 10:55:05,80.32,in,A
2025-05-23 09:54:23,2025-05-23 09:55:05,80.32,in,A
2025-05-23 08:54:23,2025-05-23 08:55:04,80.32,in,A
2025-05-23 07:54:23,2025-05-23 07:55:05,80.32,in,A
2025-05-23 06:54:23,2025-05-23 06:55:04,80.32,in,A
2025-05-23 05:54:23,2025-05-23 05:55:05,80.32,in,A
2025-05-23 04:54:23,2025-05-23 04:55:04,80.32,in,A
2025-05-23 03:54:23,2025-05-23 03:55:05,80.32,in,A
2025-05-23 02:54:23,2025-05-23 02:55:05,80.32,in,A
2025-05-23 01:54:23,2025-05-23 01:55:05,80.32,in,A
2025-05-23 00:54:23,2025-05-23 00:55:04,80.32,in,A
2025-05-22 23:54:23,2025-05-22 23:55:04,80.32,in,A
2025-05-22 22:54:23,2025-05-22 22:55:04,80.32,in,A
2025-05-22 21:54:23,2025-05-22 21:55:05,80.32,in,A
2025-05-22 20:54:23,2025-05-22 20:55:06,80.32,in,A
2025-05-22 19:54:23,2025-05-22 19:55:04,80.32,in,A
2025-05-22 18:54:23,2025-05-22 18:55:04,80.32,in,A
2025-05-22 17:54:23,2025-05-22 17:55:05,80.32,in,A
2025-05-22 16:54:23,2025-05-22 16:55:06,80.32,in,A
2025-05-22 15:54:23,2025-05-22 15:55:06,80.32,in,A
2025-05-22 14:54:23,2025-05-22 14:55:04,80.32,in,A
2025-05-22 13:54:23,2025-05-22 13:55:05,80.32,in,A
2025-05-22 12:54:23,2025-05-22 12:55:04,80.32,in,A
2025-05-22 11:54:23,2025-05-22 11:55:05,80.32,in,A
2025-05-22 10:54:23,2025-05-22 10:55:04,80.32,in,A
2025-05-22 09:54:23,2025-05-22 09:55:04,80.32,in,A
2025-05-22 08:54:23,2025-05-22 08:55:05,80.32,in,A
2025-05-22 07:54:23,2025-05-22 07:55:04,80.32,in,A
2025-05-22 06:54:23,2025-05-22 06:55:05,80.32,in,A
2025-05-22 05:54:23,2025-05-22 05:55:06,80.32,in,A
2025-05-22 04:54:23,2025-05-22 04:55:04,80.32,in,A
2025-05-22 03:54:23,2025-05-22 03:55:04,80.32,in,A
2025-05-22 02:54:23,2025-05-22 02:55:06,80.32,in,A
2025-05-22 01:54:23,2025-05-22 01:55:05,80.32,in,A
2025-05-22 00:54:23,2025-05-22 00:55:04,80.32,in,A
2025-05-21 23:54:23,2025-05-21 23:55:05,80.32,in,A
2025-05-21 22:54:23,2025-05-21 22:55:04,80.32,in,A
2025-05-21 21:54:23,2025-05-21 21:55:04,80.32,in,A
2025-05-21 20:54:23,2025-05-21 20:55:04,80.32,in,A
2025-05-21 19:54:23,2025-05-21 19:55:05,80.32,in,A
2025-05-21 18:54:23,2025-05-21 18:55:06,80.32,in,A
2025-05-21 17:54:23,2025-05-21 17:55:05,80.32,in,A
2025-05-21 16:54:23,2025-05-21 16:55:05,80.32,in,A
2025-05-21 15:54:23,2025-05-21 15:55:05,80.32,in,A
2025-05-21 14:54:23,2025-05-21 14:55:04,80.32,in,A
2025-05-21 13:54:23,2025-05-21 13:55:05,80.32,in,A
2025-05-21 12:54:23,2025-05-21 12:55:05,80.32,in,A
2025-05-21 11:54:23,2025-05-21 11:55:06,80.32,in,A
2025-05-21 10:54:23,2025-05-21 10:55:06,80.32,in,A
2025-05-21 09:54:23,2025-05-21 09:55:06,80.32,in,A
2025-05-21 08:54:23,2025-05-21 08:55:06,80.32,in,A
2025-05-21 08:45:25,2025-05-21 08:50:05,80.32,in,A
2025-05-21 07:54:23,2025-05-21 07:55:05,80.31,in,A
2025-05-21 06:54:23,2025-05-21 06:55:05,80.31,in,A
2025-05-21 05:54:23,2025-05-21 05:55:05,80.31,in,A
2025-05-21 04:54:23,2025-05-21 04:55:05,80.31,in,A
2025-05-21 03:54:23,2025-05-21 03:55:05,80.31,in,A
2025-05-21 02:54:23,2025-05-21 02:55:05,80.31,in,A
2025-05-21 01:54:23,2025-05-21 01:55:04,80.31,in,A
2025-05-21 00:54:23,2025-05-21 00:55:05,80.31,in,A
2025-05-20 23:54:23,2025-05-20 23:55:04,80.31,in,A
2025-05-20 22:54:23,2025-05-20 22:55:05,80.31,in,A
2025-05-20 21:54:23,2025-05-20 21:55:04,80.31,in,A
2025-05-20 20:54:23,2025-05-20 20:55:04,80.31,in,A
2025-05-20 19:54:23,2025-05-20 19:55:05,80.31,in,A
2025-05-20 18:54:23,2025-05-20 18:55:05,80.31,in,A
2025-05-20 17:54:23,2025-05-20 17:55:09,80.31,in,A
2025-05-20 16:54:23,2025-05-20 16:55:05,80.31,in,A
2025-05-20 15:54:23,2025-05-20 15:55:05,80.31,in,A
2025-05-20 14:54:23,2025-05-20 14:55:04,80.31,in,A
2025-05-20 13:54:23,2025-05-20 13:55:05,80.31,in,A
2025-05-20 12:54:23,2025-05-20 12:55:05,80.31,in,A
2025-05-20 11:54:23,2025-05-20 11:55:04,80.31,in,A
2025-05-20 10:54:23,2025-05-20 10:55:05,80.31,in,A
2025-05-20 09:54:23,2025-05-20 09:55:04,80.31,in,A
2025-05-20 08:54:23,2025-05-20 08:55:04,80.31,in,A
2025-05-20 07:54:23,2025-05-20 07:55:04,80.31,in,A
2025-05-20 06:54:23,2025-05-20 06:55:05,80.31,in,A
2025-05-20 05:54:23,2025-05-20 05:55:05,80.31,in,A
2025-05-20 04:54:23,2025-05-20 04:55:04,80.31,in,A
2025-05-20 03:54:23,2025-05-20 03:55:05,80.31,in,A
2025-05-20 02:54:23,2025-05-20 02:55:04,80.31,in,A
2025-05-20 01:54:23,2025-05-20 01:55:04,80.31,in,A
2025-05-20 00:54:23,2025-05-20 00:55:04,80.31,in,A
2025-05-19 23:54:23,2025-05-19 23:55:05,80.31,in,A
2025-05-19 22:54:23,2025-05-19 22:55:04,80.31,in,A
2025-05-19 21:54:23,2025-05-19 21:55:05,80.31,in,A
2025-05-19 20:54:23,2025-05-19 20:55:04,80.31,in,A
2025-05-19 19:54:23,2025-05-19 19:55:04,80.31,in,A
2025-05-19 18:54:23,2025-05-19 18:55:05,80.31,in,A
2025-05-19 17:54:23,2025-05-19 17:55:05,80.31,in,A
2025-05-19 16:54:23,2025-05-19 16:55:06,80.31,in,A
2025-05-19 15:54:23,2025-05-19 15:55:05,80.31,in,A
2025-05-19 14:54:23,2025-05-19 14:55:05,80.31,in,A
2025-05-19 13:54:23,2025-05-19 13:55:06,80.31,in,A
2025-05-19 12:54:23,2025-05-19 12:55:05,80.31,in,A
2025-05-19 11:54:23,2025-05-19 11:55:05,80.31,in,A
2025-05-19 10:54:23,2025-05-19 10:55:06,80.31,in,A
2025-05-19 09:54:23,2025-05-19 09:55:05,80.31,in,A
2025-05-19 08:54:23,2025-05-19 08:55:04,80.31,in,A
2025-05-19 07:54:23,2025-05-19 07:55:05,80.31,in,A
2025-05-19 06:54:23,2025-05-19 06:55:07,80.31,in,A
2025-05-19 05:54:23,2025-05-19 05:55:04,80.31,in,A
2025-05-19 04:54:23,2025-05-19 04:55:05,80.31,in,A
2025-05-19 03:54:23,2025-05-19 03:55:05,80.31,in,A
2025-05-19 02:54:23,2025-05-19 02:55:06,80.31,in,A
2025-05-19 01:54:23,2025-05-19 01:55:05,80.31,in,A
2025-05-19 00:54:23,2025-05-19 00:55:05,80.31,in,A
2025-05-18 23:54:23,2025-05-18 23:55:05,80.31,in,A
2025-05-18 22:54:23,2025-05-18 22:55:05,80.31,in,A
2025-05-18 21:54:23,2025-05-18 21:55:04,80.31,in,A
2025-05-18 20:54:23,2025-05-18 20:55:05,80.31,in,A
2025-05-18 19:54:23,2025-05-18 19:55:05,80.31,in,A
2025-05-18 18:54:23,2025-05-18 18:55:04,80.31,in,A
2025-05-18 17:54:23,2025-05-18 17:55:05,80.31,in,A
2025-05-18 16:54:23,2025-05-18 16:55:06,80.31,in,A
2025-05-18 15:54:23,2025-05-18 15:55:04,80.31,in,A
2025-05-18 14:54:23,2025-05-18 14:55:06,80.31,in,A
2025-05-18 13:54:23,2025-05-18 13:55:06,80.31,in,A
2025-05-18 12:54:23,2025-05-18 12:55:04,80.31,in,A
2025-05-18 11:54:23,2025-05-18 11:55:05,80.31,in,A
2025-05-18 10:54:23,2025-05-18 10:55:05,80.31,in,A
2025-05-18 09:54:23,2025-05-18 09:55:04,80.31,in,A
2025-05-18 08:54:23,2025-05-18 08:55:06,80.31,in,A
2025-05-18 07:54:23,2025-05-18 07:55:04,80.31,in,A
2025-05-18 06:54:23,2025-05-18 06:55:04,80.31,in,A
2025-05-18 05:54:23,2025-05-18 05:55:04,80.31,in,A
2025-05-18 04:54:23,2025-05-18 04:55:05,80.31,in,A
2025-05-18 03:54:23,2025-05-18 03:55:05,80.31,in,A
2025-05-18 02:54:23,2025-05-18 02:55:04,80.31,in,A
2025-05-18 01:54:23,2025-05-18 01:55:05,80.31,in,A
2025-05-18 00:54:23,2025-05-18 00:55:04,80.31,in,A
2025-05-17 23:54:23,2025-05-17 23:55:05,80.31,in,A
2025-05-17 22:54:23,2025-05-17 22:55:04,80.31,in,A
2025-05-17 21:54:23,2025-05-17 21:55:05,80.31,in,A
2025-05-17 20:54:23,2025-05-17 20:55:04,80.31,in,A
2025-05-17 19:54:23,2025-05-17 19:55:04,80.31,in,A
2025-05-17 18:54:23,2025-05-17 18:55:05,80.31,in,A
2025-05-17 17:54:23,2025-05-17 17:55:05,80.31,in,A
2025-05-17 16:54:23,2025-05-17 16:55:04,80.31,in,A
2025-05-17 15:54:23,2025-05-17 15:55:05,80.31,in,A
2025-05-17 14:54:23,2025-05-17 14:55:04,80.31,in,A
2025-05-17 13:54:23,2025-05-17 13:55:06,80.31,in,A
2025-05-17 12:54:23,2025-05-17 12:55:04,80.31,in,A
2025-05-17 11:54:23,2025-05-17 11:55:05,80.31,in,A
2025-05-17 10:54:23,2025-05-17 10:55:04,80.31,in,A
2025-05-17 09:54:23,2025-05-17 09:55:05,80.31,in,A
2025-05-17 08:54:23,2025-05-17 08:55:05,80.31,in,A
2025-05-17 07:54:23,2025-05-17 07:55:05,80.31,in,A
2025-05-17 06:54:23,2025-05-17 06:55:04,80.31,in,A
2025-05-17 05:54:23,2025-05-17 05:55:05,80.31,in,A
2025-05-17 04:54:23,2025-05-17 04:55:05,80.31,in,A
2025-05-17 03:54:23,2025-05-17 03:55:05,80.31,in,A
2025-05-17 02:54:23,2025-05-17 02:55:05,80.31,in,A
2025-05-17 01:54:23,2025-05-17 01:55:04,80.31,in,A
2025-05-17 00:54:23,2025-05-17 00:55:04,80.31,in,A
2025-05-16 23:54:23,2025-05-16 23:55:06,80.31,in,A
2025-05-16 22:54:23,2025-05-16 22:55:04,80.31,in,A
2025-05-16 21:54:23,2025-05-16 21:55:04,80.31,in,A
2025-05-16 20:54:23,2025-05-16 20:55:04,80.31,in,A
2025-05-16 19:54:23,2025-05-16 19:55:05,80.31,in,A
2025-05-16 18:54:23,2025-05-16 18:55:04,80.31,in,A
2025-05-16 17:54:23,2025-05-16 17:55:04,80.31,in,A
2025-05-16 16:54:23,2025-05-16 16:55:05,80.31,in,A
2025-05-16 15:54:23,2025-05-16 15:55:05,80.31,in,A
2025-05-16 14:54:23,2025-05-16 14:55:05,80.31,in,A
2025-05-16 13:54:23,2025-05-16 13:55:05,80.31,in,A
2025-05-16 12:54:23,2025-05-16 12:55:05,80.31,in,A
2025-05-16 11:54:23,2025-05-16 11:55:06,80.31,in,A
2025-05-16 10:54:23,2025-05-16 10:55:05,80.31,in,A
2025-05-16 09:54:23,2025-05-16 09:55:04,80.31,in,A
2025-05-16 08:54:23,2025-05-16 08:55:06,80.31,in,A
2025-05-16 07:54:23,2025-05-16 07:55:05,80.31,in,A
2025-05-16 06:54:23,2025-05-16 06:55:05,80.31,in,A
2025-05-16 05:54:23,2025-05-16 05:55:05,80.31,in,A
2025-05-16 04:54:23,2025-05-16 04:55:05,80.31,in,A
2025-05-16 03:54:23,2025-05-16 03:55:05,80.31,in,A
2025-05-16 02:54:23,2025-05-16 02:55:04,80.31,in,A
2025-05-16 01:54:23,2025-05-16 01:55:04,80.31,in,A
2025-05-16 00:54:23,2025-05-16 00:55:05,80.31,in,A
2025-05-15 23:54:23,2025-05-15 23:55:04,80.31,in,A
2025-05-15 22:54:23,2025-05-15 22:55:05,80.31,in,A
2025-05-15 21:54:23,2025-05-15 21:55:04,80.31,in,A
2025-05-15 20:54:23,2025-05-15 20:55:05,80.31,in,A
2025-05-15 19:54:23,2025-05-15 19:55:04,80.31,in,A
2025-05-15 18:54:23,2025-05-15 18:55:06,80.31,in,A
2025-05-15 17:54:23,2025-05-15 17:55:06,80.31,in,A
2025-05-15 16:54:23,2025-05-15 16:55:06,80.31,in,A
2025-05-15 15:54:23,2025-05-15 15:55:06,80.31,in,A
2025-05-15 14:54:23,2025-05-15 14:55:05,80.31,in,A
2025-05-15 13:54:23,2025-05-15 13:55:05,80.31,in,A
2025-05-15 12:54:23,2025-05-15 12:55:04,80.31,in,A
2025-05-15 11:54:23,2025-05-15 11:55:05,80.31,in,A
2025-05-15 10:54:23,2025-05-15 10:55:05,80.31,in,A
2025-05-15 09:54:23,2025-05-15 09:55:04,80.31,in,A
2025-05-15 08:54:23,2025-05-15 08:55:06,80.31,in,A
2025-05-15 07:54:23,2025-05-15 07:55:05,80.31,in,A
2025-05-15 06:54:23,2025-05-15 06:55:04,80.31,in,A
2025-05-15 05:54:23,2025-05-15 05:55:04,80.31,in,A
2025-05-15 04:54:23,2025-05-15 04:55:05,80.31,in,A
2025-05-15 03:54:23,2025-05-15 03:55:05,80.31,in,A
2025-05-15 02:54:23,2025-05-15 02:55:05,80.31,in,A
2025-05-15 01:54:23,2025-05-15 01:55:05,80.31,in,A
2025-05-15 00:54:23,2025-05-15 00:55:04,80.31,in,A
2025-05-14 23:54:23,2025-05-14 23:55:04,80.31,in,A
2025-05-14 22:54:23,2025-05-14 22:55:05,80.31,in,A
2025-05-14 21:54:23,2025-05-14 21:55:04,80.31,in,A
2025-05-14 20:54:23,2025-05-14 20:55:05,80.31,in,A
2025-05-14 19:54:23,2025-05-14 19:55:04,80.31,in,A
2025-05-14 18:54:23,2025-05-14 18:55:04,80.31,in,A
2025-05-14 17:54:23,2025-05-14 17:55:06,80.31,in,A
2025-05-14 16:54:23,2025-05-14 16:55:04,80.31,in,A
2025-05-14 15:54:23,2025-05-14 15:55:05,80.31,in,A
2025-05-14 14:54:23,2025-05-14 14:55:05,80.31,in,A
2025-05-14 13:54:23,2025-05-14 13:55:05,80.31,in,A
2025-05-14 12:54:23,2025-05-14 12:55:05,80.31,in,A
2025-05-14 11:54:23,2025-05-14 11:55:04,80.31,in,A
2025-05-14 10:54:23,2025-05-14 10:55:04,80.31,in,A
2025-05-14 09:54:23,2025-05-14 09:55:05,80.31,in,A
2025-05-14 08:54:23,2025-05-14 08:55:06,80.31,in,A
2025-05-14 07:54:23,2025-05-14 07:55:05,80.31,in,A
2025-05-14 06:54:23,2025-05-14 06:55:04,80.31,in,A
2025-05-14 05:54:23,2025-05-14 05:55:05,80.31,in,A
2025-05-14 04:54:23,2025-05-14 04:55:05,80.31,in,A
2025-05-14 03:54:23,2025-05-14 03:55:05,80.31,in,A
2025-05-14 02:54:23,2025-05-14 02:55:04,80.31,in,A
2025-05-14 01:54:23,2025-05-14 01:55:04,80.31,in,A
2025-05-14 00:54:23,2025-05-14 00:55:05,80.31,in,A
2025-05-13 23:54:23,2025-05-13 23:55:04,80.31,in,A
2025-05-13 22:54:23,2025-05-13 22:55:05,80.31,in,A
2025-05-13 21:54:23,2025-05-13 21:55:04,80.31,in,A
2025-05-13 20:54:23,2025-05-13 20:55:05,80.31,in,A
2025-05-13 19:54:23,2025-05-13 19:55:04,80.31,in,A
2025-05-13 18:54:23,2025-05-13 18:55:04,80.31,in,A
2025-05-13 17:54:23,2025-05-13 17:55:05,80.31,in,A
2025-05-13 16:54:23,2025-05-13 16:55:04,80.31,in,A
2025-05-13 15:54:23,2025-05-13 15:55:05,80.31,in,A
2025-05-13 14:54:23,2025-05-13 14:55:05,80.31,in,A
2025-05-13 13:54:23,2025-05-13 13:55:05,80.31,in,A
2025-05-13 12:54:23,2025-05-13 12:55:04,80.31,in,A
2025-05-13 11:54:23,2025-05-13 11:55:05,80.31,in,A
2025-05-13 10:54:23,2025-05-13 10:55:06,80.31,in,A
2025-05-13 09:54:23,2025-05-13 09:55:04,80.31,in,A
2025-05-13 08:54:23,2025-05-13 08:55:04,80.31,in,A
2025-05-13 07:54:23,2025-05-13 07:55:04,80.31,in,A
2025-05-13 06:54:23,2025-05-13 06:55:05,80.31,in,A
2025-05-13 05:54:23,2025-05-13 05:55:05,80.31,in,A
2025-05-13 04:54:23,2025-05-13 04:55:05,80.31,in,A
2025-05-13 03:54:23,2025-05-13 03:55:05,80.31,in,A
2025-05-13 02:54:23,2025-05-13 02:55:05,80.31,in,A
2025-05-13 01:54:23,2025-05-13 01:55:05,80.31,in,A
2025-05-13 00:54:23,2025-05-13 00:55:05,80.31,in,A
2025-05-12 23:54:23,2025-05-12 23:55:04,80.31,in,A
2025-05-12 22:54:23,2025-05-12 22:55:05,80.31,in,A
2025-05-12 21:54:23,2025-05-12 21:55:04,80.31,in,A
2025-05-12 20:54:23,2025-05-12 20:55:04,80.31,in,A
2025-05-12 19:54:23,2025-05-12 19:55:05,80.31,in,A
2025-05-12 18:54:23,2025-05-12 18:55:04,80.31,in,A
2025-05-12 17:54:23,2025-05-12 17:55:05,80.31,in,A
2025-05-12 16:54:23,2025-05-12 16:55:05,80.31,in,A
2025-05-12 15:54:23,2025-05-12 15:55:04,80.31,in,A
2025-05-12 14:54:23,2025-05-12 14:55:05,80.31,in,A
2025-05-12 13:54:23,2025-05-12 13:55:06,80.31,in,A
2025-05-12 12:54:23,2025-05-12 12:55:04,80.31,in,A
2025-05-12 11:54:23,2025-05-12 11:55:03,80.31,in,A
2025-05-12 10:54:23,2025-05-12 10:55:05,80.31,in,A
2025-05-12 09:54:23,2025-05-12 09:55:06,80.31,in,A
2025-05-12 08:54:23,2025-05-12 08:55:05,80.31,in,A
2025-05-12 07:54:23,2025-05-12 07:55:05,80.31,in,A
2025-05-12 06:54:23,2025-05-12 06:55:05,80.31,in,A
2025-05-12 05:54:23,2025-05-12 05:55:05,80.31,in,A
2025-05-12 04:54:23,2025-05-12 04:55:05,80.31,in,A
2025-05-12 03:54:23,2025-05-12 03:55:05,80.31,in,A
2025-05-12 02:54:23,2025-05-12 02:55:04,80.31,in,A
2025-05-12 01:54:23,2025-05-12 01:55:05,80.31,in,A
2025-05-12 00:54:23,2025-05-12 00:55:05,80.31,in,A
2025-05-11 23:54:23,2025-05-11 23:55:05,80.31,in,A
2025-05-11 22:54:23,2025-05-11 22:55:06,80.31,in,A
2025-05-11 21:54:23,2025-05-11 21:55:04,80.31,in,A
2025-05-11 20:54:23,2025-05-11 20:55:04,80.31,in,A
2025-05-11 19:54:23,2025-05-11 19:55:05,80.31,in,A
2025-05-11 18:54:23,2025-05-11 18:55:05,80.31,in,A
2025-05-11 17:54:23,2025-05-11 17:55:04,80.31,in,A
2025-05-11 16:54:23,2025-05-11 16:55:05,80.31,in,A
2025-05-11 15:54:23,2025-05-11 15:55:04,80.31,in,A
2025-05-11 14:54:23,2025-05-11 14:55:05,80.31,in,A
2025-05-11 13:54:23,2025-05-11 13:55:05,80.31,in,A
2025-05-11 12:54:23,2025-05-11 12:55:06,80.31,in,A
2025-05-11 11:54:23,2025-05-11 11:55:05,80.31,in,A
2025-05-11 10:54:23,2025-05-11 10:55:06,80.31,in,A
2025-05-11 09:54:23,2025-05-11 09:55:05,80.31,in,A
2025-05-11 08:54:23,2025-05-11 08:55:05,80.31,in,A
2025-05-11 07:54:23,2025-05-11 07:55:05,80.31,in,A
2025-05-11 06:54:23,2025-05-11 06:55:05,80.31,in,A
2025-05-11 05:54:23,2025-05-11 05:55:05,80.31,in,A
2025-05-11 05:40:02,2025-05-11 05:45:04,80.31,in,A
2025-05-11 04:54:23,2025-05-11 04:55:05,80.30,in,A
2025-05-11 03:54:23,2025-05-11 03:55:05,80.30,in,A
2025-05-11 02:54:23,2025-05-11 02:55:04,80.30,in,A
2025-05-11 01:54:23,2025-05-11 01:55:05,80.30,in,A
2025-05-11 00:54:23,2025-05-11 00:55:05,80.30,in,A
2025-05-10 23:54:23,2025-05-10 23:55:05,80.30,in,A
2025-05-10 22:54:23,2025-05-10 22:55:05,80.30,in,A
2025-05-10 21:54:23,2025-05-10 21:55:04,80.30,in,A
2025-05-10 20:54:23,2025-05-10 20:55:05,80.30,in,A
2025-05-10 19:54:23,2025-05-10 19:55:04,80.30,in,A
2025-05-10 18:54:23,2025-05-10 18:55:05,80.30,in,A
2025-05-10 17:54:23,2025-05-10 17:55:04,80.30,in,A
2025-05-10 16:54:23,2025-05-10 16:55:06,80.30,in,A
2025-05-10 15:54:23,2025-05-10 15:55:06,80.30,in,A
2025-05-10 14:54:23,2025-05-10 14:55:04,80.30,in,A
2025-05-10 13:54:23,2025-05-10 13:55:04,80.30,in,A
2025-05-10 12:54:23,2025-05-10 12:55:06,80.30,in,A
2025-05-10 11:54:23,2025-05-10 11:55:05,80.30,in,A
2025-05-10 10:54:23,2025-05-10 10:55:04,80.30,in,A
2025-05-10 09:54:23,2025-05-10 09:55:05,80.30,in,A
2025-05-10 08:54:23,2025-05-10 08:55:06,80.30,in,A
2025-05-10 07:54:23,2025-05-10 07:55:04,80.30,in,A
2025-05-10 06:54:23,2025-05-10 06:55:04,80.30,in,A
2025-05-10 05:54:23,2025-05-10 05:55:06,80.30,in,A
2025-05-10 04:54:23,2025-05-10 04:55:05,80.30,in,A
2025-05-10 03:54:23,2025-05-10 03:55:05,80.30,in,A
2025-05-10 02:54:23,2025-05-10 02:55:06,80.30,in,A
2025-05-10 01:54:23,2025-05-10 01:55:05,80.30,in,A
2025-05-10 00:54:23,2025-05-10 00:55:04,80.30,in,A
2025-05-09 23:54:23,2025-05-09 23:55:05,80.30,in,A
2025-05-09 22:54:23,2025-05-09 22:55:05,80.30,in,A
2025-05-09 21:54:23,2025-05-09 21:55:04,80.30,in,A
2025-05-09 20:54:23,2025-05-09 20:55:08,80.30,in,A
2025-05-09 20:17:48,2025-05-09 20:20:05,80.30,in,A
2025-05-09 20:02:56,2025-05-09 20:05:09,80.29,in,A
2025-05-09 19:57:07,2025-05-09 20:00:11,80.28,in,A
2025-05-09 19:55:49,2025-05-09 20:00:10,80.27,in,A
2025-05-09 19:54:39,2025-05-09 20:00:09,80.26,in,A
2025-05-09 19:54:14,2025-05-09 19:55:08,80.25,in,A
2025-05-09 19:53:51,2025-05-09 19:55:08,80.24,in,A
2025-05-09 19:53:39,2025-05-09 19:55:08,80.23,in,A
2025-05-09 19:53:27,2025-05-09 19:55:08,80.22,in,A
2025-05-09 19:53:04,2025-05-09 19:55:08,80.21,in,A
2025-05-09 19:52:33,2025-05-09 19:55:07,80.19,in,A
2025-05-09 19:51:57,2025-05-09 19:55:07,80.18,in,A
2025-05-09 19:51:15,2025-05-09 19:55:07,80.17,in,A
2025-05-09 19:51:10,2025-05-09 19:55:07,80.16,in,A
2025-05-09 19:50:15,2025-05-09 19:55:06,80.15,in,A
2025-05-09 19:49:55,2025-05-09 19:55:06,80.14,in,A
2025-05-09 19:49:16,2025-05-09 19:55:06,80.13,in,A
2025-05-09 19:48:42,2025-05-09 19:50:09,80.11,in,A
2025-05-09 19:48:15,2025-05-09 19:50:09,80.10,in,A
2025-05-09 19:47:48,2025-05-09 19:50:09,80.09,in,A
2025-05-09 19:47:25,2025-05-09 19:50:08,80.08,in,A
2025-05-09 19:46:58,2025-05-09 19:50:08,80.07,in,A
2025-05-09 19:46:31,2025-05-09 19:50:07,80.06,in,A
2025-05-09 19:46:07,2025-05-09 19:50:07,80.05,in,A
2025-05-09 19:45:53,2025-05-09 19:50:07,80.04,in,A
2025-05-09 19:44:14,2025-05-09 19:45:08,80.03,in,A
2025-05-09 19:43:31,2025-05-09 19:45:08,80.02,in,A
2025-05-09 19:37:59,2025-05-09 19:40:07,80.01,in,A
2025-05-09 19:36:19,2025-05-09 19:40:06,80.00,in,A
2025-05-09 19:35:12,2025-05-09 19:40:06,79.99,in,A
2025-05-09 19:34:29,2025-05-09 19:35:07,79.98,in,A
2025-05-09 18:54:23,2025-05-09 18:55:04,79.97,in,A
2025-05-09 17:54:23,2025-05-09 17:55:05,79.97,in,A
2025-05-09 16:54:23,2025-05-09 16:55:06,79.97,in,A
2025-05-09 15:54:23,2025-05-09 15:55:06,79.97,in,A
2025-05-09 14:54:23,2025-05-09 14:55:05,79.97,in,A
2025-05-09 13:54:23,2025-05-09 13:55:04,79.97,in,A
2025-05-09 12:54:23,2025-05-09 12:55:04,79.97,in,A
2025-05-09 11:54:23,2025-05-09 11:55:05,79.97,in,A
2025-05-09 10:54:23,2025-05-09 10:55:05,79.97,in,A
2025-05-09 10:44:41,2025-05-09 10:45:04,79.97,in,A
2025-05-09 10:24:08,2025-05-09 10:25:06,79.96,in,A
2025-05-09 09:54:23,2025-05-09 09:55:05,79.95,in,A
2025-05-09 08:54:23,2025-05-09 08:55:05,79.95,in,A
2025-05-09 07:54:23,2025-05-09 07:55:06,79.95,in,A
2025-05-09 06:54:23,2025-05-09 06:55:06,79.95,in,A
2025-05-09 05:54:23,2025-05-09 05:55:05,79.95,in,A
2025-05-09 04:54:23,2025-05-09 04:55:04,79.95,in,A
2025-05-09 03:54:23,2025-05-09 03:55:06,79.95,in,A
2025-05-09 03:37:27,2025-05-09 03:40:05,79.95,in,A
2025-05-09 03:26:56,2025-05-09 03:30:05,79.94,in,A
2025-05-09 03:24:33,2025-05-09 03:25:06,79.93,in,A
2025-05-09 03:21:14,2025-05-09 03:25:06,79.92,in,A
2025-05-09 03:19:57,2025-05-09 03:25:05,79.91,in,A
2025-05-09 03:17:52,2025-05-09 03:20:05,79.90,in,A
2025-05-09 03:13:21,2025-05-09 03:15:06,79.89,in,A
2025-05-09 03:10:50,2025-05-09 03:15:06,79.88,in,A
2025-05-09 03:07:55,2025-05-09 03:10:04,79.87,in,A
2025-05-09 03:06:53,2025-05-09 03:10:04,79.86,in,A
2025-05-09 03:06:07,2025-05-09 03:10:04,79.85,in,A
2025-05-09 03:04:45,2025-05-09 03:05:05,79.84,in,A
2025-05-09 02:54:23,2025-05-09 02:55:05,79.83,in,A
2025-05-09 01:54:23,2025-05-09 01:55:05,79.83,in,A
2025-05-09 00:54:23,2025-05-09 00:55:04,79.83,in,A
2025-05-08 23:54:23,2025-05-08 23:55:04,79.83,in,A
2025-05-08 22:54:23,2025-05-08 22:55:05,79.83,in,A
2025-05-08 21:54:23,2025-05-08 21:55:05,79.83,in,A
2025-05-08 20:54:23,2025-05-08 20:55:04,79.83,in,A
2025-05-08 19:54:23,2025-05-08 19:55:04,79.83,in,A
2025-05-08 18:54:23,2025-05-08 18:55:04,79.83,in,A
2025-05-08 17:54:23,2025-05-08 17:55:05,79.83,in,A
2025-05-08 16:54:23,2025-05-08 16:55:05,79.83,in,A
2025-05-08 15:54:23,2025-05-08 15:55:04,79.83,in,A
2025-05-08 14:54:23,2025-05-08 14:55:06,79.83,in,A
2025-05-08 13:54:23,2025-05-08 13:55:07,79.83,in,A
2025-05-08 12:54:23,2025-05-08 12:55:05,79.83,in,A
2025-05-08 11:54:23,2025-05-08 11:55:06,79.83,in,A
2025-05-08 10:54:23,2025-05-08 10:55:05,79.83,in,A
2025-05-08 09:54:23,2025-05-08 09:55:04,79.83,in,A
2025-05-08 08:54:23,2025-05-08 08:55:05,79.83,in,A
2025-05-08 07:54:23,2025-05-08 07:55:06,79.83,in,A
2025-05-08 06:54:23,2025-05-08 06:55:05,79.83,in,A
2025-05-08 06:47:30,2025-05-08 06:50:06,79.83,in,A
2025-05-08 05:54:23,2025-05-08 05:55:05,79.82,in,A
2025-05-08 04:54:23,2025-05-08 04:55:05,79.82,in,A
2025-05-08 03:54:23,2025-05-08 03:55:05,79.82,in,A
2025-05-08 02:54:23,2025-05-08 02:55:05,79.82,in,A
2025-05-08 01:54:23,2025-05-08 01:55:05,79.82,in,A
2025-05-08 00:54:23,2025-05-08 00:55:05,79.82,in,A
2025-05-07 23:54:23,2025-05-07 23:55:05,79.82,in,A
2025-05-07 22:54:23,2025-05-07 22:55:23,79.82,in,A
2025-05-07 21:54:23,2025-05-07 21:55:05,79.82,in,A
2025-05-07 20:54:23,2025-05-07 20:55:04,79.82,in,A
2025-05-07 19:54:23,2025-05-07 19:55:05,79.82,in,A
2025-05-07 18:54:23,2025-05-07 18:55:05,79.82,in,A
2025-05-07 17:54:23,2025-05-07 17:55:05,79.82,in,A
2025-05-07 16:54:23,2025-05-07 16:55:05,79.82,in,A
2025-05-07 15:54:23,2025-05-07 15:55:05,79.82,in,A
2025-05-07 14:54:23,2025-05-07 14:55:05,79.82,in,A
2025-05-07 13:54:23,2025-05-07 13:55:04,79.82,in,A
2025-05-07 12:54:23,2025-05-07 12:55:05,79.82,in,A
2025-05-07 11:54:23,2025-05-07 11:55:05,79.82,in,A
2025-05-07 10:54:23,2025-05-07 10:55:05,79.82,in,A
2025-05-07 09:54:23,2025-05-07 09:55:06,79.82,in,A
2025-05-07 09:16:56,2025-05-07 09:20:06,79.82,in,A
2025-05-07 09:11:17,2025-05-07 09:15:06,79.81,in,A
2025-05-07 09:08:26,2025-05-07 09:15:05,79.80,in,A
2025-05-07 09:05:55,2025-05-07 09:10:10,79.79,in,A
2025-05-07 09:01:59,2025-05-07 09:05:08,79.78,in,A
2025-05-07 08:57:45,2025-05-07 09:00:12,79.77,in,A
2025-05-07 08:54:23,2025-05-07 08:55:08,79.76,in,A
2025-05-07 08:51:54,2025-05-07 08:55:08,79.76,in,A
2025-05-07 08:45:09,2025-05-07 08:50:09,79.75,in,A
2025-05-07 08:39:31,2025-05-07 08:45:07,79.74,in,A
2025-05-07 08:33:27,2025-05-07 08:35:07,79.73,in,A
2025-05-07 08:28:18,2025-05-07 08:30:08,79.72,in,A
2025-05-07 08:23:31,2025-05-07 08:25:07,79.71,in,A
2025-05-07 08:14:45,2025-05-07 08:15:06,79.70,in,A
2025-05-07 08:06:15,2025-05-07 08:10:08,79.69,in,A
2025-05-07 07:59:18,2025-05-07 08:05:04,79.68,in,A
2025-05-07 07:54:23,2025-05-07 07:55:06,79.67,in,A
2025-05-07 07:50:21,2025-05-07 07:55:06,79.67,in,A
2025-05-07 07:42:15,2025-05-07 07:45:06,79.66,in,A
2025-05-07 07:28:54,2025-05-07 07:35:05,79.65,in,A
2025-05-07 06:54:23,2025-05-07 06:55:07,79.64,in,A
2025-05-07 05:54:23,2025-05-07 05:55:06,79.64,in,A
2025-05-07 04:54:23,2025-05-07 04:55:05,79.64,in,A
2025-05-07 03:54:23,2025-05-07 03:55:05,79.64,in,A
2025-05-07 02:54:23,2025-05-07 02:55:05,79.64,in,A
2025-05-07 01:54:23,2025-05-07 01:55:04,79.64,in,A
2025-05-07 00:54:23,2025-05-07 00:55:06,79.64,in,A
2025-05-07 00:03:47,2025-05-07 00:05:09,79.64,in,A
2025-05-07 00:03:23,2025-05-07 00:05:09,79.63,in,A
2025-05-07 00:03:00,2025-05-07 00:05:09,79.62,in,A
2025-05-07 00:02:40,2025-05-07 00:05:09,79.61,in,A
2025-05-07 00:02:20,2025-05-07 00:05:09,79.60,in,A
2025-05-07 00:01:56,2025-05-07 00:05:09,79.59,in,A
2025-05-07 00:01:28,2025-05-07 00:05:09,79.58,in,A
2025-05-07 00:00:20,2025-05-07 00:05:08,79.57,in,A
2025-05-06 23:54:23,2025-05-06 23:55:09,79.56,in,A
2025-05-06 23:48:06,2025-05-06 23:50:11,79.56,in,A
2025-05-06 23:42:04,2025-05-06 23:45:09,79.55,in,A
2025-05-06 23:41:34,2025-05-06 23:45:09,79.54,in,A
2025-05-06 23:40:52,2025-05-06 23:45:08,79.53,in,A
2025-05-06 23:40:32,2025-05-06 23:45:08,79.52,in,A
2025-05-06 23:39:42,2025-05-06 23:45:07,79.51,in,A
2025-05-06 23:38:36,2025-05-06 23:45:07,79.50,in,A
2025-05-06 23:25:51,2025-05-06 23:30:11,79.49,in,A
2025-05-06 23:08:48,2025-05-06 23:10:07,79.48,in,A
2025-05-06 23:07:41,2025-05-06 23:10:07,79.47,in,A
2025-05-06 23:07:08,2025-05-06 23:10:07,79.46,in,A
2025-05-06 23:06:44,2025-05-06 23:10:07,79.45,in,A
2025-05-06 22:54:23,2025-05-06 22:55:07,79.44,in,A
2025-05-06 22:30:34,2025-05-06 22:35:05,79.44,in,A
2025-05-06 22:29:00,2025-05-06 22:35:04,79.43,in,A
2025-05-06 22:27:56,2025-05-06 22:30:06,79.42,in,A
2025-05-06 22:27:25,2025-05-06 22:30:06,79.41,in,A
2025-05-06 22:25:28,2025-05-06 22:30:05,79.40,in,A
2025-05-06 22:25:02,2025-05-06 22:30:05,79.39,in,A
2025-05-06 22:24:40,2025-05-06 22:30:05,79.38,in,A
2025-05-06 22:24:09,2025-05-06 22:25:06,79.37,in,A
2025-05-06 22:23:50,2025-05-06 22:25:06,79.36,in,A
2025-05-06 22:23:32,2025-05-06 22:25:06,79.35,in,A
2025-05-06 22:23:10,2025-05-06 22:25:06,79.34,in,A
2025-05-06 22:16:44,2025-05-06 22:20:06,79.33,in,A
2025-05-06 22:02:35,2025-05-06 22:05:07,79.32,in,A
2025-05-06 21:54:23,2025-05-06 21:55:06,79.31,in,A
2025-05-06 21:51:24,2025-05-06 21:55:05,79.31,in,A
2025-05-06 21:50:26,2025-05-06 21:55:05,79.30,in,A
2025-05-06 21:50:21,2025-05-06 21:55:05,79.29,in,A
2025-05-06 21:48:54,2025-05-06 21:55:04,79.28,in,A
2025-05-06 21:48:21,2025-05-06 21:50:07,79.27,in,A
2025-05-06 20:54:23,2025-05-06 20:55:05,79.26,in,A
2025-05-06 19:54:23,2025-05-06 19:55:06,79.26,in,A
2025-05-06 18:54:23,2025-05-06 18:55:06,79.26,in,A
2025-05-06 18:23:21,2025-05-06 18:25:06,79.26,in,A
2025-05-06 18:15:26,2025-05-06 18:20:05,79.25,in,A
2025-05-06 18:11:14,2025-05-06 18:15:05,79.24,in,A
2025-05-06 17:54:23,2025-05-06 17:55:05,79.23,in,A
2025-05-06 17:29:34,2025-05-06 17:35:05,79.23,in,A
2025-05-06 16:54:23,2025-05-06 16:55:06,79.22,in,A
2025-05-06 16:52:10,2025-05-06 16:55:05,79.22,in,A
2025-05-06 16:50:43,2025-05-06 16:55:05,79.21,in,A
2025-05-06 16:45:54,2025-05-06 16:50:07,79.20,in,A
2025-05-06 16:32:32,2025-05-06 16:35:07,79.19,in,A
2025-05-06 16:31:06,2025-05-06 16:35:06,79.18,in,A
2025-05-06 16:21:13,2025-05-06 16:25:06,79.17,in,A
2025-05-06 16:18:09,2025-05-06 16:20:06,79.16,in,A
2025-05-06 16:14:11,2025-05-06 16:15:11,79.15,in,A
2025-05-06 16:13:39,2025-05-06 16:15:11,79.14,in,A
2025-05-06 16:13:19,2025-05-06 16:15:11,79.13,in,A
2025-05-06 16:12:57,2025-05-06 16:15:11,79.12,in,A
2025-05-06 16:12:41,2025-05-06 16:15:11,79.11,in,A
2025-05-06 16:12:35,2025-05-06 16:15:11,79.10,in,A
2025-05-06 16:12:16,2025-05-06 16:15:11,79.09,in,A
2025-05-06 16:10:50,2025-05-06 16:15:10,79.08,in,A
2025-05-06 16:06:59,2025-05-06 16:10:08,79.07,in,A
2025-05-06 16:06:08,2025-05-06 16:10:07,79.06,in,A
2025-05-06 16:05:20,2025-05-06 16:10:07,79.05,in,A
2025-05-06 16:03:59,2025-05-06 16:05:07,79.04,in,A
2025-05-06 16:02:20,2025-05-06 16:05:07,79.03,in,A
2025-05-06 15:56:14,2025-05-06 16:00:10,79.02,in,A
2025-05-06 15:54:35,2025-05-06 16:00:07,79.01,in,A
2025-05-06 15:54:23,2025-05-06 15:55:08,79.00,in,A
2025-05-06 15:51:35,2025-05-06 15:55:07,79.00,in,A
2025-05-06 15:48:15,2025-05-06 15:50:06,78.99,in,A
2025-05-06 15:47:35,2025-05-06 15:50:06,78.98,in,A
2025-05-06 15:45:25,2025-05-06 15:50:05,78.97,in,A
2025-05-06 15:44:47,2025-05-06 15:50:05,78.96,in,A
2025-05-06 15:44:18,2025-05-06 15:45:10,78.95,in,A
2025-05-06 15:43:53,2025-05-06 15:45:10,78.94,in,A
2025-05-06 15:42:55,2025-05-06 15:45:10,78.93,in,A
2025-05-06 15:41:10,2025-05-06 15:45:08,78.92,in,A
2025-05-06 15:40:37,2025-05-06 15:45:08,78.91,in,A
2025-05-06 15:40:20,2025-05-06 15:45:08,78.90,in,A
2025-05-06 15:40:01,2025-05-06 15:45:07,78.89,in,A
2025-05-06 15:39:38,2025-05-06 15:45:07,78.88,in,A
2025-05-06 15:39:15,2025-05-06 15:45:06,78.87,in,A
2025-05-06 15:38:52,2025-05-06 15:45:06,78.86,in,A
2025-05-06 15:38:16,2025-05-06 15:40:16,78.85,in,A
2025-05-06 15:37:49,2025-05-06 15:40:16,78.84,in,A
2025-05-06 15:37:30,2025-05-06 15:40:16,78.83,in,A
2025-05-06 15:37:13,2025-05-06 15:40:16,78.82,in,A
2025-05-06 15:36:54,2025-05-06 15:40:15,78.81,in,A
2025-05-06 15:36:38,2025-05-06 15:40:15,78.80,in,A
2025-05-06 15:36:32,2025-05-06 15:40:15,78.79,in,A
2025-05-06 15:35:37,2025-05-06 15:40:15,78.78,in,A
2025-05-06 15:34:51,2025-05-06 15:40:15,78.77,in,A
2025-05-06 15:33:32,2025-05-06 15:40:14,78.76,in,A
2025-05-06 15:33:27,2025-05-06 15:40:14,78.75,in,A
2025-05-06 15:32:52,2025-05-06 15:40:14,78.74,in,A
2025-05-06 15:32:08,2025-05-06 15:40:13,78.73,in,A
2025-05-06 15:30:58,2025-05-06 15:40:12,78.72,in,A
2025-05-06 15:29:12,2025-05-06 15:40:08,78.71,in,A
2025-05-06 15:28:57,2025-05-06 15:40:08,78.70,in,A
2025-05-06 15:28:37,2025-05-06 15:40:08,78.69,in,A
2025-05-06 15:27:07,2025-05-06 15:30:12,78.68,in,A
2025-05-06 15:23:07,2025-05-06 15:25:07,78.67,in,A
2025-05-06 15:21:46,2025-05-06 15:25:07,78.66,in,A
2025-05-06 14:54:23,2025-05-06 14:55:05,78.65,in,A
2025-05-06 13:54:23,2025-05-06 13:55:05,78.65,in,A
2025-05-06 12:54:23,2025-05-06 12:55:05,78.65,in,A
2025-05-06 11:54:23,2025-05-06 11:55:06,78.65,in,A
2025-05-06 10:54:23,2025-05-06 10:55:06,78.65,in,A
2025-05-06 09:54:23,2025-05-06 09:55:05,78.65,in,A
2025-05-06 08:54:23,2025-05-06 08:55:05,78.65,in,A
2025-05-06 07:54:23,2025-05-06 07:55:04,78.65,in,A
2025-05-06 06:54:23,2025-05-06 06:55:05,78.65,in,A
2025-05-06 05:54:23,2025-05-06 05:55:05,78.65,in,A
2025-05-06 04:54:23,2025-05-06 04:55:04,78.65,in,A
2025-05-06 03:54:23,2025-05-06 03:55:05,78.65,in,A
2025-05-06 02:54:23,2025-05-06 02:55:06,78.65,in,A
2025-05-06 01:54:23,2025-05-06 01:55:04,78.65,in,A
2025-05-06 00:54:23,2025-05-06 00:55:04,78.65,in,A
2025-05-05 23:54:23,2025-05-05 23:55:05,78.65,in,A
2025-05-05 22:54:23,2025-05-05 22:55:08,78.65,in,A
2025-05-05 21:54:23,2025-05-05 21:55:06,78.65,in,A
2025-05-05 21:13:06,2025-05-05 21:15:05,78.65,in,A
2025-05-05 20:54:23,2025-05-05 20:55:09,78.64,in,A
2025-05-05 20:36:29,2025-05-05 20:40:11,78.64,in,A
2025-05-05 20:30:28,2025-05-05 20:35:09,78.63,in,A
2025-05-05 19:54:23,2025-05-05 19:55:05,78.62,in,A
2025-05-05 18:54:23,2025-05-05 18:55:04,78.62,in,A
2025-05-05 17:54:23,2025-05-05 17:55:07,78.62,in,A
2025-05-05 16:54:23,2025-05-05 16:55:05,78.62,in,A
2025-05-05 15:54:23,2025-05-05 15:55:05,78.62,in,A
2025-05-05 14:54:23,2025-05-05 14:55:05,78.62,in,A
2025-05-05 13:54:23,2025-05-05 13:55:06,78.62,in,A
2025-05-05 12:54:23,2025-05-05 12:55:05,78.62,in,A
2025-05-05 11:54:23,2025-05-05 11:55:05,78.62,in,A
2025-05-05 10:54:23,2025-05-05 10:55:04,78.62,in,A
2025-05-05 09:54:23,2025-05-05 09:55:06,78.62,in,A
2025-05-05 08:54:23,2025-05-05 08:55:05,78.62,in,A
2025-05-05 07:54:23,2025-05-05 07:55:04,78.62,in,A
2025-05-05 06:54:23,2025-05-05 06:55:04,78.62,in,A
2025-05-05 05:54:23,2025-05-05 05:55:04,78.62,in,A
2025-05-05 04:54:23,2025-05-05 04:55:04,78.62,in,A
2025-05-05 03:54:23,2025-05-05 03:55:05,78.62,in,A
2025-05-05 02:54:23,2025-05-05 02:55:06,78.62,in,A
2025-05-05 01:54:23,2025-05-05 01:55:05,78.62,in,A
2025-05-05 00:54:23,2025-05-05 00:55:04,78.62,in,A
2025-05-04 23:54:23,2025-05-04 23:55:04,78.62,in,A
2025-05-04 22:54:23,2025-05-04 22:55:04,78.62,in,A
2025-05-04 21:54:23,2025-05-04 21:55:04,78.62,in,A
2025-05-04 20:54:23,2025-05-04 20:55:05,78.62,in,A
2025-05-04 19:54:23,2025-05-04 19:55:05,78.62,in,A
2025-05-04 18:54:23,2025-05-04 18:55:05,78.62,in,A
2025-05-04 17:54:23,2025-05-04 17:55:06,78.62,in,A
2025-05-04 16:54:23,2025-05-04 16:55:05,78.62,in,A
2025-05-04 15:54:23,2025-05-04 15:55:04,78.62,in,A
2025-05-04 14:54:23,2025-05-04 14:55:05,78.62,in,A
2025-05-04 13:54:23,2025-05-04 13:55:04,78.62,in,A
2025-05-04 12:54:23,2025-05-04 12:55:05,78.62,in,A
2025-05-04 11:54:23,2025-05-04 11:55:06,78.62,in,A
2025-05-04 10:54:23,2025-05-04 10:55:04,78.62,in,A
2025-05-04 09:54:23,2025-05-04 09:55:05,78.62,in,A
2025-05-04 08:54:23,2025-05-04 08:55:04,78.62,in,A
2025-05-04 07:54:23,2025-05-04 07:55:05,78.62,in,A
2025-05-04 06:54:23,2025-05-04 06:55:05,78.62,in,A
2025-05-04 05:54:23,2025-05-04 05:55:04,78.62,in,A
2025-05-04 04:54:23,2025-05-04 04:55:06,78.62,in,A
2025-05-04 03:54:23,2025-05-04 03:55:04,78.62,in,A
2025-05-04 02:54:23,2025-05-04 02:55:05,78.62,in,A
2025-05-04 01:54:23,2025-05-04 01:55:05,78.62,in,A
2025-05-04 00:54:23,2025-05-04 00:55:05,78.62,in,A
2025-05-03 23:54:23,2025-05-03 23:55:05,78.62,in,A
2025-05-03 22:54:23,2025-05-03 22:55:05,78.62,in,A
2025-05-03 21:54:23,2025-05-03 21:55:05,78.62,in,A
2025-05-03 20:54:23,2025-05-03 20:55:04,78.62,in,A
2025-05-03 19:54:23,2025-05-03 19:55:05,78.62,in,A
2025-05-03 18:54:23,2025-05-03 18:55:06,78.62,in,A
2025-05-03 17:54:23,2025-05-03 17:55:05,78.62,in,A
2025-05-03 16:54:23,2025-05-03 16:55:05,78.62,in,A
2025-05-03 15:54:23,2025-05-03 15:55:05,78.62,in,A
2025-05-03 14:54:23,2025-05-03 14:55:06,78.62,in,A
2025-05-03 13:54:23,2025-05-03 13:55:04,78.62,in,A
2025-05-03 12:54:23,2025-05-03 12:55:05,78.62,in,A
2025-05-03 11:54:23,2025-05-03 11:55:05,78.62,in,A
2025-05-03 10:54:23,2025-05-03 10:55:05,78.62,in,A
2025-05-03 09:54:23,2025-05-03 09:55:06,78.62,in,A
2025-05-03 08:54:23,2025-05-03 08:55:04,78.62,in,A
2025-05-03 07:54:23,2025-05-03 07:55:05,78.62,in,A
2025-05-03 06:54:23,2025-05-03 06:55:04,78.62,in,A
2025-05-03 05:54:23,2025-05-03 05:55:06,78.62,in,A
2025-05-03 04:54:23,2025-05-03 04:55:06,78.62,in,A
2025-05-03 04:24:14,2025-05-03 04:25:04,78.62,in,A
2025-05-03 04:18:15,2025-05-03 04:20:06,78.61,in,A
2025-05-03 04:12:30,2025-05-03 04:15:03,78.60,in,A
2025-05-03 04:06:10,2025-05-03 04:10:04,78.59,in,A
2025-05-03 04:02:27,2025-05-03 04:05:06,78.58,in,A
2025-05-03 04:01:32,2025-05-03 04:05:06,78.57,in,A
2025-05-03 03:58:52,2025-05-03 04:05:05,78.56,in,A
2025-05-03 03:57:25,2025-05-03 04:00:08,78.55,in,A
2025-05-03 03:57:04,2025-05-03 04:00:07,78.54,in,A
2025-05-03 03:53:47,2025-05-03 03:55:08,78.53,in,A
2025-05-03 02:54:23,2025-05-03 02:55:06,78.52,in,A
2025-05-03 01:54:23,2025-05-03 01:55:06,78.52,in,A
2025-05-03 00:54:23,2025-05-03 00:55:05,78.52,in,A
2025-05-02 23:54:23,2025-05-02 23:55:06,78.52,in,A
2025-05-02 22:58:55,2025-05-02 23:05:06,78.52,in,A
2025-05-02 22:54:23,2025-05-02 22:55:07,78.51,in,A
2025-05-02 22:17:17,2025-05-02 22:20:11,78.51,in,A
2025-05-02 22:10:30,2025-05-02 22:15:08,78.50,in,A
2025-05-02 22:07:13,2025-05-02 22:10:13,78.49,in,A
2025-05-02 22:05:20,2025-05-02 22:10:11,78.48,in,A
2025-05-02 22:01:08,2025-05-02 22:05:10,78.47,in,A
2025-05-02 21:54:41,2025-05-02 22:00:12,78.46,in,A
2025-05-02 21:54:23,2025-05-02 21:55:11,78.45,in,A
2025-05-02 21:50:50,2025-05-02 21:55:09,78.45,in,A
2025-05-02 21:46:27,2025-05-02 21:50:09,78.44,in,A
2025-05-02 21:43:40,2025-05-02 21:45:10,78.43,in,A
2025-05-02 21:42:06,2025-05-02 21:45:10,78.42,in,A
2025-05-02 21:34:31,2025-05-02 21:35:08,78.41,in,A
2025-05-02 21:23:29,2025-05-02 21:25:15,78.40,in,A
2025-05-02 21:15:09,2025-05-02 21:20:15,78.39,in,A
2025-05-02 21:07:50,2025-05-02 21:10:19,78.38,in,A
2025-05-02 21:04:45,2025-05-02 21:10:15,78.37,in,A
2025-05-02 20:59:00,2025-05-02 21:05:13,78.36,in,A
2025-05-02 20:56:13,2025-05-02 21:00:23,78.35,in,A
2025-05-02 20:52:56,2025-05-02 20:55:16,78.34,in,A
2025-05-02 20:50:10,2025-05-02 20:55:15,78.33,in,A
2025-05-02 20:41:50,2025-05-02 20:45:10,78.32,in,A
2025-05-02 20:38:08,2025-05-02 20:40:12,78.31,in,A
2025-05-02 20:35:43,2025-05-02 20:40:10,78.30,in,A
2025-05-02 20:31:57,2025-05-02 20:35:09,78.29,in,A
2025-05-02 20:27:37,2025-05-02 20:30:12,78.28,in,A
2025-05-02 20:22:20,2025-05-02 20:25:10,78.27,in,A
2025-05-02 20:16:59,2025-05-02 20:20:07,78.26,in,A
2025-05-02 20:10:57,2025-05-02 20:15:05,78.25,in,A
2025-05-02 20:07:23,2025-05-02 20:10:07,78.24,in,A
2025-05-02 20:03:50,2025-05-02 20:05:10,78.23,in,A
2025-05-02 19:59:18,2025-05-02 20:05:07,78.22,in,A
2025-05-02 19:56:44,2025-05-02 20:00:09,78.21,in,A
2025-05-02 19:53:31,2025-05-02 19:55:08,78.20,in,A
2025-05-02 19:51:21,2025-05-02 19:55:07,78.19,in,A
2025-05-02 19:41:57,2025-05-02 19:45:12,78.18,in,A
2025-05-02 19:38:25,2025-05-02 19:40:11,78.17,in,A
2025-05-02 19:36:59,2025-05-02 19:40:10,78.16,in,A
2025-05-02 19:35:10,2025-05-02 19:40:09,78.15,in,A
2025-05-02 19:34:50,2025-05-02 19:40:09,78.14,in,A
2025-05-02 19:34:21,2025-05-02 19:35:12,78.13,in,A
2025-05-02 19:34:11,2025-05-02 19:35:12,78.12,in,A
2025-05-02 19:33:59,2025-05-02 19:35:12,78.11,in,A
2025-05-02 19:33:41,2025-05-02 19:35:12,78.10,in,A
2025-05-02 19:33:20,2025-05-02 19:35:12,78.09,in,A
2025-05-02 19:33:00,2025-05-02 19:35:12,78.08,in,A
2025-05-02 19:32:40,2025-05-02 19:35:11,78.07,in,A
2025-05-02 19:32:34,2025-05-02 19:35:11,78.06,in,A
2025-05-02 19:31:57,2025-05-02 19:35:11,78.05,in,A
2025-05-02 19:31:23,2025-05-02 19:35:11,78.04,in,A
2025-05-02 19:30:59,2025-05-02 19:35:10,78.03,in,A
2025-05-02 19:27:21,2025-05-02 19:30:13,78.02,in,A
2025-05-02 19:18:14,2025-05-02 19:20:09,78.01,in,A
2025-05-02 19:14:27,2025-05-02 19:15:09,78.00,in,A
2025-05-02 19:05:14,2025-05-02 19:10:07,77.99,in,A
2025-05-02 18:58:48,2025-05-02 19:00:12,77.98,in,A
2025-05-02 18:53:13,2025-05-02 18:55:09,77.97,in,A
2025-05-02 18:50:42,2025-05-02 18:55:08,77.96,in,A
2025-05-02 18:40:32,2025-05-02 18:45:07,77.95,in,A
2025-05-02 18:34:14,2025-05-02 18:35:09,77.94,in,A
2025-05-02 18:31:19,2025-05-02 18:35:09,77.93,in,A
2025-05-02 18:21:40,2025-05-02 18:25:08,77.92,in,A
2025-05-02 18:11:50,2025-05-02 18:15:08,77.91,in,A
2025-05-02 18:05:06,2025-05-02 18:10:06,77.90,in,A
2025-05-02 17:58:45,2025-05-02 18:00:11,77.89,in,A
2025-05-02 17:54:23,2025-05-02 17:55:08,77.88,in,A
2025-05-02 17:46:03,2025-05-02 17:50:07,77.88,in,A
2025-05-02 17:38:33,2025-05-02 17:40:08,77.87,in,A
2025-05-02 17:34:35,2025-05-02 17:35:08,77.86,in,A
2025-05-02 17:32:12,2025-05-02 17:35:08,77.85,in,A
2025-05-02 17:21:22,2025-05-02 17:25:08,77.84,in,A
2025-05-02 17:17:49,2025-05-02 17:20:08,77.83,in,A
2025-05-02 17:06:24,2025-05-02 17:10:07,77.82,in,A
2025-05-02 16:54:23,2025-05-02 16:55:06,77.81,in,A
2025-05-02 16:50:55,2025-05-02 16:55:05,77.81,in,A
2025-05-02 16:37:31,2025-05-02 16:40:07,77.80,in,A
2025-05-02 16:22:43,2025-05-02 16:25:06,77.79,in,A
2025-05-02 16:12:22,2025-05-02 16:16:58,77.78,in,A
2025-05-02 15:54:23,2025-05-02 15:55:07,77.77,in,A
2025-05-02 14:54:23,2025-05-02 14:55:05,77.77,in,A
2025-05-02 13:54:23,2025-05-02 13:55:07,77.77,in,A
2025-05-02 13:02:26,2025-05-02 13:05:07,77.77,in,A
2025-05-02 13:02:19,2025-05-02 13:05:06,77.76,in,A
2025-05-02 12:52:41,2025-05-02 12:55:07,77.75,in,A
2025-05-02 12:22:17,2025-05-02 12:25:21,77.74,in,A
2025-05-02 12:19:18,2025-05-02 12:25:21,77.73,in,A
2025-05-02 12:18:59,2025-05-02 12:25:21,77.72,in,A
2025-05-02 12:18:50,2025-05-02 12:25:21,77.71,in,A
2025-05-02 12:18:47,2025-05-02 12:20:08,77.69,in,A
2025-05-02 12:18:34,2025-05-02 12:20:08,77.68,in,A
2025-05-02 12:17:45,2025-05-02 12:20:08,77.67,in,A
2025-05-02 12:17:36,2025-05-02 12:20:08,77.66,in,A
2025-05-02 12:16:08,2025-05-02 12:20:07,77.65,in,A
2025-05-02 12:15:43,2025-05-02 12:20:07,77.64,in,A
2025-05-02 12:15:23,2025-05-02 12:20:07,77.63,in,A
2025-05-02 12:10:17,2025-05-02 12:15:06,77.62,in,A
2025-05-02 12:09:05,2025-05-02 12:15:06,77.61,in,A
2025-05-02 12:07:16,2025-05-02 12:10:07,77.60,in,A
2025-05-02 12:02:11,2025-05-02 12:10:06,77.59,in,A
2025-05-02 11:54:23,2025-05-02 11:55:08,77.58,in,A
2025-05-02 10:54:23,2025-05-02 10:55:05,77.58,in,A
2025-05-02 09:54:23,2025-05-02 09:55:06,77.58,in,A
2025-05-02 08:54:23,2025-05-02 08:55:05,77.58,in,A
2025-05-02 07:54:23,2025-05-02 07:55:04,77.58,in,A
2025-05-02 06:54:23,2025-05-02 06:55:05,77.58,in,A
2025-05-02 05:54:23,2025-05-02 05:55:04,77.58,in,A
2025-05-02 04:54:23,2025-05-02 04:55:05,77.58,in,A
2025-05-02 03:54:23,2025-05-02 03:55:05,77.58,in,A
2025-05-02 02:54:23,2025-05-02 02:55:05,77.58,in,A
2025-05-02 01:54:23,2025-05-02 01:55:04,77.58,in,A
2025-05-02 00:54:23,2025-05-02 00:55:04,77.58,in,A
2025-05-01 23:54:23,2025-05-01 23:55:05,77.58,in,A
2025-05-01 22:54:23,2025-05-01 22:55:04,77.58,in,A
2025-05-01 21:54:23,2025-05-01 21:55:05,77.58,in,A
2025-05-01 20:54:23,2025-05-01 20:55:04,77.58,in,A
2025-05-01 19:54:23,2025-05-01 19:55:05,77.58,in,A
2025-05-01 18:54:23,2025-05-01 18:55:05,77.58,in,A
2025-05-01 17:54:23,2025-05-01 17:55:04,77.58,in,A
2025-05-01 16:54:23,2025-05-01 16:55:04,77.58,in,A
2025-05-01 15:54:23,2025-05-01 15:55:05,77.58,in,A
2025-05-01 14:54:23,2025-05-01 14:55:06,77.58,in,A
2025-05-01 13:54:23,2025-05-01 13:55:05,77.58,in,A
2025-05-01 12:54:23,2025-05-01 12:55:05,77.58,in,A
2025-05-01 11:54:23,2025-05-01 11:55:05,77.58,in,A
2025-05-01 10:54:23,2025-05-01 10:55:06,77.58,in,A
2025-05-01 09:54:23,2025-05-01 09:55:05,77.58,in,A
2025-05-01 08:54:23,2025-05-01 08:55:04,77.58,in,A
2025-05-01 07:54:23,2025-05-01 07:55:04,77.58,in,A
2025-05-01 06:54:23,2025-05-01 06:55:05,77.58,in,A
2025-05-01 05:54:23,2025-05-01 05:55:05,77.58,in,A
2025-05-01 04:54:23,2025-05-01 04:55:04,77.58,in,A
2025-05-01 04:28:21,2025-05-01 04:30:06,77.58,in,A
2025-05-01 04:26:43,2025-05-01 04:30:06,77.57,in,A
2025-05-01 04:26:26,2025-05-01 04:30:06,77.56,in,A
2025-05-01 04:26:14,2025-05-01 04:30:06,77.55,in,A
2025-05-01 03:54:23,2025-05-01 03:55:05,77.54,in,A
2025-05-01 02:54:23,2025-05-01 02:55:04,77.54,in,A
2025-05-01 01:54:23,2025-05-01 01:55:05,77.54,in,A
2025-05-01 00:54:23,2025-05-01 00:55:05,77.54,in,A
